domain	market	content	purpose	behavior	source
11jav.com	华语/JAV中文受众市场	成人视频	视频点播/内容聚合	视频浏览/在线播放	V2Fly
141hongkong.com	华语/JAV中文受众市场	成人视频	视频点播/内容聚合	视频浏览/在线播放	V2Fly
141jav.com	华语/JAV中文受众市场	成人视频	视频点播/内容聚合	视频浏览/在线播放	V2Fly
18acg.us	华语/JAV中文受众市场	成人视频	视频点播/内容聚合	视频浏览/在线播放	V2Fly
18av.mm-cg.com	华语/JAV中文受众市场	成人视频	视频点播/内容聚合	视频浏览/在线播放	V2Fly
18av.pro	华语/JAV中文受众市场	成人视频	视频点播/内容聚合	视频浏览/在线播放	V2Fly
18avx.com	华语/JAV中文受众市场	成人视频	视频点播/内容聚合	视频浏览/在线播放	V2Fly
18doujin.com	华语/JAV中文受众市场	成人漫画/动画	漫画/动画内容浏览	阅读/图片/动画	V2Fly
18doujinshi.xyz	华语/JAV中文受众市场	成人漫画/动画	漫画/动画内容浏览	阅读/图片/动画	V2Fly
18h.mm-cg.com	华语/JAV中文受众市场	成人视频	视频点播/内容聚合	视频浏览/在线播放	V2Fly
18h.tv	华语/JAV中文受众市场	成人视频	视频点播/内容聚合	视频浏览/在线播放	V2Fly
18j.tv	华语/JAV中文受众市场	成人视频	视频点播/内容聚合	视频浏览/在线播放	V2Fly
18jav.tv	华语/JAV中文受众市场	成人视频	视频点播/内容聚合	视频浏览/在线播放	V2Fly
18jms.com	华语/JAV中文受众市场	成人视频	视频点播/内容聚合	视频浏览/在线播放	V2Fly
18mh.co	华语/JAV中文受众市场	成人视频	视频点播/内容聚合	视频浏览/在线播放	V2Fly
18mh.me	华语/JAV中文受众市场	成人视频	视频点播/内容聚合	视频浏览/在线播放	V2Fly
18mh.net	华语/JAV中文受众市场	成人视频	视频点播/内容聚合	视频浏览/在线播放	V2Fly
18novel.xyz	华语/JAV中文受众市场	成人视频	视频点播/内容聚合	视频浏览/在线播放	V2Fly
18porncomic.com	华语/JAV中文受众市场	成人漫画/动画	漫画/动画内容浏览	阅读/图片/动画	V2Fly
191porn.com	华语/JAV中文受众市场	成人视频	视频点播/内容聚合	视频浏览/在线播放	V2Fly
24hjav.com	华语/JAV中文受众市场	成人视频	视频点播/内容聚合	视频浏览/在线播放	V2Fly
3d-comics.com	华语/JAV中文受众市场	成人漫画/动画	漫画/动画内容浏览	阅读/图片/动画	V2Fly
3dhentai.tv	华语/JAV中文受众市场	成人漫画/动画	漫画/动画内容浏览	阅读/图片/动画	V2Fly
3dhentaix.com	华语/JAV中文受众市场	成人漫画/动画	漫画/动画内容浏览	阅读/图片/动画	V2Fly
3hentai.net	华语/JAV中文受众市场	成人漫画/动画	漫画/动画内容浏览	阅读/图片/动画	V2Fly
52fuliji.cc	华语/JAV中文受众市场	成人视频	视频点播/内容聚合	视频浏览/在线播放	V2Fly
88manhua.top	华语/JAV中文受众市场	成人漫画/动画	漫画/动画内容浏览	阅读/图片/动画	V2Fly
91-cg.com	华语/JAV中文受众市场	成人视频	视频点播/内容聚合	视频浏览/在线播放	V2Fly
91av.one	华语/JAV中文受众市场	成人视频	视频点播/内容聚合	视频浏览/在线播放	V2Fly
91avfuli.com	华语/JAV中文受众市场	成人视频	视频点播/内容聚合	视频浏览/在线播放	V2Fly
91beiyong.com	华语/JAV中文受众市场	成人视频	视频点播/内容聚合	视频浏览/在线播放	V2Fly
91cy.app	华语/JAV中文受众市场	成人视频	视频点播/内容聚合	视频浏览/在线播放	V2Fly
91dy.club	华语/JAV中文受众市场	成人视频	视频点播/内容聚合	视频浏览/在线播放	V2Fly
91fans.org	华语/JAV中文受众市场	成人视频	视频点播/内容聚合	视频浏览/在线播放	V2Fly
91gay.me	华语/JAV中文受众市场	成人视频	视频点播/内容聚合	视频浏览/在线播放	V2Fly
91jinman.com	华语/JAV中文受众市场	成人视频	视频点播/内容聚合	视频浏览/在线播放	V2Fly
91md.me	华语/JAV中文受众市场	成人视频	视频点播/内容聚合	视频浏览/在线播放	V2Fly
91moxiong.com	华语/JAV中文受众市场	成人视频	视频点播/内容聚合	视频浏览/在线播放	V2Fly
91nt.com	华语/JAV中文受众市场	成人视频	视频点播/内容聚合	视频浏览/在线播放	V2Fly
91oo.xyz	华语/JAV中文受众市场	成人视频	视频点播/内容聚合	视频浏览/在线播放	V2Fly
91porn.best	华语/JAV中文受众市场	成人视频	视频点播/内容聚合	视频浏览/在线播放	V2Fly
91pornforum.com	华语/JAV中文受众市场	成人论坛/社区	社区讨论与内容分享	发帖/评论/浏览	V2Fly
91pornplus.com	华语/JAV中文受众市场	成人视频	视频点播/内容聚合	视频浏览/在线播放	V2Fly
91pornvideo.com	华语/JAV中文受众市场	成人视频	视频点播/内容聚合	视频浏览/在线播放	V2Fly
91porny.com	华语/JAV中文受众市场	成人视频	视频点播/内容聚合	视频浏览/在线播放	V2Fly
91porny.store	华语/JAV中文受众市场	成人视频	视频点播/内容聚合	视频浏览/在线播放	V2Fly
91qk41rf.com	华语/JAV中文受众市场	成人视频	视频点播/内容聚合	视频浏览/在线播放	V2Fly
91quanji.com	华语/JAV中文受众市场	成人视频	视频点播/内容聚合	视频浏览/在线播放	V2Fly
91rb.com	华语/JAV中文受众市场	成人视频	视频点播/内容聚合	视频浏览/在线播放	V2Fly
91rb.net	华语/JAV中文受众市场	成人视频	视频点播/内容聚合	视频浏览/在线播放	V2Fly
91rb99.com	华语/JAV中文受众市场	成人视频	视频点播/内容聚合	视频浏览/在线播放	V2Fly
91se.fun	华语/JAV中文受众市场	成人视频	视频点播/内容聚合	视频浏览/在线播放	V2Fly
91sesex.xyz	华语/JAV中文受众市场	成人视频	视频点播/内容聚合	视频浏览/在线播放	V2Fly
91sew.xyz	华语/JAV中文受众市场	成人视频	视频点播/内容聚合	视频浏览/在线播放	V2Fly
91sew40.buzz	华语/JAV中文受众市场	成人视频	视频点播/内容聚合	视频浏览/在线播放	V2Fly
91short.com	华语/JAV中文受众市场	成人视频	视频点播/内容聚合	视频浏览/在线播放	V2Fly
91vhome.com	华语/JAV中文受众市场	成人视频	视频点播/内容聚合	视频浏览/在线播放	V2Fly
9hentai.ru	华语/JAV中文受众市场	成人漫画/动画	漫画/动画内容浏览	阅读/图片/动画	V2Fly
9hentai.to	华语/JAV中文受众市场	成人漫画/动画	漫画/动画内容浏览	阅读/图片/动画	V2Fly
9hentaiz.com	华语/JAV中文受众市场	成人漫画/动画	漫画/动画内容浏览	阅读/图片/动画	V2Fly
a-hentai.tv	华语/JAV中文受众市场	成人漫画/动画	漫画/动画内容浏览	阅读/图片/动画	V2Fly
acgnmanhua.com	华语/JAV中文受众市场	成人漫画/动画	漫画/动画内容浏览	阅读/图片/动画	V2Fly
acgww.cyou	华语/JAV中文受众市场	成人视频	视频点播/内容聚合	视频浏览/在线播放	V2Fly
adult-doujin-free-information-bureau.officialblog.jp	华语/JAV中文受众市场	成人漫画/动画	漫画/动画内容浏览	阅读/图片/动画	V2Fly
adult3dcomics.com	华语/JAV中文受众市场	成人漫画/动画	漫画/动画内容浏览	阅读/图片/动画	V2Fly
adult3dfantasycomics.com	华语/JAV中文受众市场	成人漫画/动画	漫画/动画内容浏览	阅读/图片/动画	V2Fly
adultexpo.com.tw	华语/JAV中文受众市场	成人视频	视频点播/内容聚合	视频浏览/在线播放	V2Fly
agag.tw	华语/JAV中文受众市场	成人视频	视频点播/内容聚合	视频浏览/在线播放	V2Fly
ahentaitv.com	华语/JAV中文受众市场	成人漫画/动画	漫画/动画内容浏览	阅读/图片/动画	V2Fly
ai91porn.cc	华语/JAV中文受众市场	成人视频	视频点播/内容聚合	视频浏览/在线播放	V2Fly
allporncomic.com	华语/JAV中文受众市场	成人漫画/动画	漫画/动画内容浏览	阅读/图片/动画	V2Fly
animehentaihub.com	华语/JAV中文受众市场	成人漫画/动画	漫画/动画内容浏览	阅读/图片/动画	V2Fly
animeidhentai.com	华语/JAV中文受众市场	成人漫画/动画	漫画/动画内容浏览	阅读/图片/动画	V2Fly
anyhentai.com	华语/JAV中文受众市场	成人漫画/动画	漫画/动画内容浏览	阅读/图片/动画	V2Fly
asianpornjav.com	华语/JAV中文受众市场	成人视频	视频点播/内容聚合	视频浏览/在线播放	V2Fly
asmhentai.com	华语/JAV中文受众市场	成人漫画/动画	漫画/动画内容浏览	阅读/图片/动画	V2Fly
assistirhentai.com	华语/JAV中文受众市场	成人漫画/动画	漫画/动画内容浏览	阅读/图片/动画	V2Fly
axbdoll.com.tw	华语/JAV中文受众市场	成人视频	视频点播/内容聚合	视频浏览/在线播放	V2Fly
bejav.net	华语/JAV中文受众市场	成人视频	视频点播/内容聚合	视频浏览/在线播放	V2Fly
besthentaitube.com	华语/JAV中文受众市场	成人漫画/动画	漫画/动画内容浏览	阅读/图片/动画	V2Fly
bestjavporn.com	华语/JAV中文受众市场	成人视频	视频点播/内容聚合	视频浏览/在线播放	V2Fly
bestjavporn.net	华语/JAV中文受众市场	成人视频	视频点播/内容聚合	视频浏览/在线播放	V2Fly
bodyfluids-jav.com	华语/JAV中文受众市场	成人视频	视频点播/内容聚合	视频浏览/在线播放	V2Fly
bukkake-jav.com	华语/JAV中文受众市场	成人视频	视频点播/内容聚合	视频浏览/在线播放	V2Fly
byjav.me	华语/JAV中文受众市场	成人视频	视频点播/内容聚合	视频浏览/在线播放	V2Fly
ccav691api.com	华语/JAV中文受众市场	成人视频	视频点播/内容聚合	视频浏览/在线播放	V2Fly
chinasex.com.es	华语/JAV中文受众市场	成人视频	视频点播/内容聚合	视频浏览/在线播放	V2Fly
chinese-porn-videos.com	华语/JAV中文受众市场	成人视频	视频点播/内容聚合	视频浏览/在线播放	V2Fly
chinese-xnxx.com	华语/JAV中文受众市场	成人视频	视频点播/内容聚合	视频浏览/在线播放	V2Fly
chinesespanking.com	华语/JAV中文受众市场	成人视频	视频点播/内容聚合	视频浏览/在线播放	V2Fly
chinesexxxporn.net	华语/JAV中文受众市场	成人视频	视频点播/内容聚合	视频浏览/在线播放	V2Fly
city-hentai.com	华语/JAV中文受众市场	成人漫画/动画	漫画/动画内容浏览	阅读/图片/动画	V2Fly
comicbox.xyz	华语/JAV中文受众市场	成人漫画/动画	漫画/动画内容浏览	阅读/图片/动画	V2Fly
comicscartoonporn.com	华语/JAV中文受众市场	成人漫画/动画	漫画/动画内容浏览	阅读/图片/动画	V2Fly
comicsporno.es	华语/JAV中文受众市场	成人漫画/动画	漫画/动画内容浏览	阅读/图片/动画	V2Fly
comicunivers.com	华语/JAV中文受众市场	成人漫画/动画	漫画/动画内容浏览	阅读/图片/动画	V2Fly
comicuniverse.org	华语/JAV中文受众市场	成人漫画/动画	漫画/动画内容浏览	阅读/图片/动画	V2Fly
cool-comics.com	华语/JAV中文受众市场	成人漫画/动画	漫画/动画内容浏览	阅读/图片/动画	V2Fly
cosplay-jav.com	华语/JAV中文受众市场	成人视频	视频点播/内容聚合	视频浏览/在线播放	V2Fly
disneyhentai.com	华语/JAV中文受众市场	成人漫画/动画	漫画/动画内容浏览	阅读/图片/动画	V2Fly
doujin-eromanga.com	华语/JAV中文受众市场	成人漫画/动画	漫画/动画内容浏览	阅读/图片/动画	V2Fly
doujin-freee.com	华语/JAV中文受众市场	成人漫画/动画	漫画/动画内容浏览	阅读/图片/动画	V2Fly
doujin-info.net	华语/JAV中文受众市场	成人漫画/动画	漫画/动画内容浏览	阅读/图片/动画	V2Fly
doujin-night.com	华语/JAV中文受众市场	成人漫画/动画	漫画/动画内容浏览	阅读/图片/动画	V2Fly
doujincg.blog.jp	华语/JAV中文受众市场	成人漫画/动画	漫画/动画内容浏览	阅读/图片/动画	V2Fly
doujinfree.com	华语/JAV中文受众市场	成人漫画/动画	漫画/动画内容浏览	阅读/图片/动画	V2Fly
doujinland.info	华语/JAV中文受众市场	成人漫画/动画	漫画/动画内容浏览	阅读/图片/动画	V2Fly
doujinnomori.com	华语/JAV中文受众市场	成人漫画/动画	漫画/动画内容浏览	阅读/图片/动画	V2Fly
doujins.com	华语/JAV中文受众市场	成人漫画/动画	漫画/动画内容浏览	阅读/图片/动画	V2Fly
dragonhentai.net	华语/JAV中文受众市场	成人漫画/动画	漫画/动画内容浏览	阅读/图片/动画	V2Fly
ecchinohentai.ru	华语/JAV中文受众市场	成人漫画/动画	漫画/动画内容浏览	阅读/图片/动画	V2Fly
ero-comic-hunter.net	华语/JAV中文受众市场	成人漫画/动画	漫画/动画内容浏览	阅读/图片/动画	V2Fly
erodoujinshi-world.com	华语/JAV中文受众市场	成人漫画/动画	漫画/动画内容浏览	阅读/图片/动画	V2Fly
erohentai.net	华语/JAV中文受众市场	成人漫画/动画	漫画/动画内容浏览	阅读/图片/动画	V2Fly
erotic-hentai.com	华语/JAV中文受众市场	成人漫画/动画	漫画/动画内容浏览	阅读/图片/动画	V2Fly
fbjav.com	华语/JAV中文受众市场	成人视频	视频点播/内容聚合	视频浏览/在线播放	V2Fly
fbooktaiwan.com	华语/JAV中文受众市场	成人视频	视频点播/内容聚合	视频浏览/在线播放	V2Fly
freehentaipic.com	华语/JAV中文受众市场	成人漫画/动画	漫画/动画内容浏览	阅读/图片/动画	V2Fly
freehentaistream.com	华语/JAV中文受众市场	成人漫画/动画	漫画/动画内容浏览	阅读/图片/动画	V2Fly
freejavbt.com	华语/JAV中文受众市场	成人视频	视频点播/内容聚合	视频浏览/在线播放	V2Fly
freejavporn.mobi	华语/JAV中文受众市场	成人视频	视频点播/内容聚合	视频浏览/在线播放	V2Fly
freepornhentaigames.com	华语/JAV中文受众市场	成人漫画/动画	漫画/动画内容浏览	阅读/图片/动画	V2Fly
fuli-wangzhan.com	华语/JAV中文受众市场	成人视频	视频点播/内容聚合	视频浏览/在线播放	V2Fly
fuli3.net	华语/JAV中文受众市场	成人视频	视频点播/内容聚合	视频浏览/在线播放	V2Fly
fulib711.shop	华语/JAV中文受众市场	成人视频	视频点播/内容聚合	视频浏览/在线播放	V2Fly
fuliba2021.com	华语/JAV中文受众市场	成人视频	视频点播/内容聚合	视频浏览/在线播放	V2Fly
fuliba2023.net	华语/JAV中文受众市场	成人视频	视频点播/内容聚合	视频浏览/在线播放	V2Fly
fulipic.gumroad.com	华语/JAV中文受众市场	成人图片/图库	图片/图库浏览	图片浏览	V2Fly
fullfuli.com	华语/JAV中文受众市场	成人视频	视频点播/内容聚合	视频浏览/在线播放	V2Fly
ggjav.com	华语/JAV中文受众市场	成人视频	视频点播/内容聚合	视频浏览/在线播放	V2Fly
gohentai.net	华语/JAV中文受众市场	成人漫画/动画	漫画/动画内容浏览	阅读/图片/动画	V2Fly
gossipfuli4511.xyz	华语/JAV中文受众市场	成人视频	视频点播/内容聚合	视频浏览/在线播放	V2Fly
gossipfuli5522.xyz	华语/JAV中文受众市场	成人视频	视频点播/内容聚合	视频浏览/在线播放	V2Fly
gossipfuli6883.xyz	华语/JAV中文受众市场	成人视频	视频点播/内容聚合	视频浏览/在线播放	V2Fly
grabhentai.com	华语/JAV中文受众市场	成人漫画/动画	漫画/动画内容浏览	阅读/图片/动画	V2Fly
h-doujinshi.xyz	华语/JAV中文受众市场	成人漫画/动画	漫画/动画内容浏览	阅读/图片/动画	V2Fly
hanime.me	华语/JAV中文受众市场	成人漫画/动画	漫画/动画内容浏览	阅读/图片/动画	V2Fly
hanime.tv	华语/JAV中文受众市场	成人漫画/动画	漫画/动画内容浏览	阅读/图片/动画	V2Fly
hanime.xxx	华语/JAV中文受众市场	成人漫画/动画	漫画/动画内容浏览	阅读/图片/动画	V2Fly
hanime.xyz	华语/JAV中文受众市场	成人漫画/动画	漫画/动画内容浏览	阅读/图片/动画	V2Fly
hanime1.me	华语/JAV中文受众市场	成人漫画/动画	漫画/动画内容浏览	阅读/图片/动画	V2Fly
hardsex8.com	华语/JAV中文受众市场	成人视频	视频点播/内容聚合	视频浏览/在线播放	V2Fly
hcomic.net	华语/JAV中文受众市场	成人漫画/动画	漫画/动画内容浏览	阅读/图片/动画	V2Fly
hcomicbook.com	华语/JAV中文受众市场	成人漫画/动画	漫画/动画内容浏览	阅读/图片/动画	V2Fly
hdjavonline.com	华语/JAV中文受众市场	成人视频	视频点播/内容聚合	视频浏览/在线播放	V2Fly
hdporncomics.com	华语/JAV中文受众市场	成人漫画/动画	漫画/动画内容浏览	阅读/图片/动画	V2Fly
heavenlyhentai.com	华语/JAV中文受众市场	成人漫画/动画	漫画/动画内容浏览	阅读/图片/动画	V2Fly
hentai-ani.me	华语/JAV中文受众市场	成人漫画/动画	漫画/动画内容浏览	阅读/图片/动画	V2Fly
hentai-archive.com	华语/JAV中文受众市场	成人漫画/动画	漫画/动画内容浏览	阅读/图片/动画	V2Fly
hentai-books.com	华语/JAV中文受众市场	成人漫画/动画	漫画/动画内容浏览	阅读/图片/动画	V2Fly
hentai-cosplays.com	华语/JAV中文受众市场	成人漫画/动画	漫画/动画内容浏览	阅读/图片/动画	V2Fly
hentai-covers.site	华语/JAV中文受众市场	成人漫画/动画	漫画/动画内容浏览	阅读/图片/动画	V2Fly
hentai-eroanime.net	华语/JAV中文受众市场	成人漫画/动画	漫画/动画内容浏览	阅读/图片/动画	V2Fly
hentai-for.net	华语/JAV中文受众市场	成人漫画/动画	漫画/动画内容浏览	阅读/图片/动画	V2Fly
hentai-fun.com	华语/JAV中文受众市场	成人漫画/动画	漫画/动画内容浏览	阅读/图片/动画	V2Fly
hentai-gamer.com	华语/JAV中文受众市场	成人漫画/动画	漫画/动画内容浏览	阅读/图片/动画	V2Fly
hentai-gif-anime.com	华语/JAV中文受众市场	成人漫画/动画	漫画/动画内容浏览	阅读/图片/动画	V2Fly
hentai-img.com	华语/JAV中文受众市场	成人漫画/动画	漫画/动画内容浏览	阅读/图片/动画	V2Fly
hentai-moon.com	华语/JAV中文受众市场	成人漫画/动画	漫画/动画内容浏览	阅读/图片/动画	V2Fly
hentai-space.supertop-100.com	华语/JAV中文受众市场	成人漫画/动画	漫画/动画内容浏览	阅读/图片/动画	V2Fly
hentai-top100.supertop-100.com	华语/JAV中文受众市场	成人漫画/动画	漫画/动画内容浏览	阅读/图片/动画	V2Fly
hentai-vostfr.net	华语/JAV中文受众市场	成人漫画/动画	漫画/动画内容浏览	阅读/图片/动画	V2Fly
hentai.desi	华语/JAV中文受众市场	成人漫画/动画	漫画/动画内容浏览	阅读/图片/动画	V2Fly
hentai.game	华语/JAV中文受众市场	成人漫画/动画	漫画/动画内容浏览	阅读/图片/动画	V2Fly
hentai.io	华语/JAV中文受众市场	成人漫画/动画	漫画/动画内容浏览	阅读/图片/动画	V2Fly
hentai.name	华语/JAV中文受众市场	成人漫画/动画	漫画/动画内容浏览	阅读/图片/动画	V2Fly
hentai.pink	华语/JAV中文受众市场	成人漫画/动画	漫画/动画内容浏览	阅读/图片/动画	V2Fly
hentai.pro	华语/JAV中文受众市场	成人漫画/动画	漫画/动画内容浏览	阅读/图片/动画	V2Fly
hentai.toys	华语/JAV中文受众市场	成人漫画/动画	漫画/动画内容浏览	阅读/图片/动画	V2Fly
hentai.tv	华语/JAV中文受众市场	成人漫画/动画	漫画/动画内容浏览	阅读/图片/动画	V2Fly
hentai0.com	华语/JAV中文受众市场	成人漫画/动画	漫画/动画内容浏览	阅读/图片/动画	V2Fly
hentai01.com	华语/JAV中文受众市场	成人漫画/动画	漫画/动画内容浏览	阅读/图片/动画	V2Fly
hentai2.net	华语/JAV中文受众市场	成人漫画/动画	漫画/动画内容浏览	阅读/图片/动画	V2Fly
hentai2012.com	华语/JAV中文受众市场	成人漫画/动画	漫画/动画内容浏览	阅读/图片/动画	V2Fly
hentai247.net	华语/JAV中文受众市场	成人漫画/动画	漫画/动画内容浏览	阅读/图片/动画	V2Fly
hentai24h.org	华语/JAV中文受众市场	成人漫画/动画	漫画/动画内容浏览	阅读/图片/动画	V2Fly
hentai24h.tv	华语/JAV中文受众市场	成人漫画/动画	漫画/动画内容浏览	阅读/图片/动画	V2Fly
hentai2games.com	华语/JAV中文受众市场	成人漫画/动画	漫画/动画内容浏览	阅读/图片/动画	V2Fly
hentai2read.com	华语/JAV中文受众市场	成人漫画/动画	漫画/动画内容浏览	阅读/图片/动画	V2Fly
hentai2w.com	华语/JAV中文受众市场	成人漫画/动画	漫画/动画内容浏览	阅读/图片/动画	V2Fly
hentai3dvideo.biz	华语/JAV中文受众市场	成人漫画/动画	漫画/动画内容浏览	阅读/图片/动画	V2Fly
hentai44.com	华语/JAV中文受众市场	成人漫画/动画	漫画/动画内容浏览	阅读/图片/动画	V2Fly
hentai4free.net	华语/JAV中文受众市场	成人漫画/动画	漫画/动画内容浏览	阅读/图片/动画	V2Fly
hentai4manga.com	华语/JAV中文受众市场	成人漫画/动画	漫画/动画内容浏览	阅读/图片/动画	V2Fly
hentai69.life	华语/JAV中文受众市场	成人漫画/动画	漫画/动画内容浏览	阅读/图片/动画	V2Fly
hentai69.online	华语/JAV中文受众市场	成人漫画/动画	漫画/动画内容浏览	阅读/图片/动画	V2Fly
hentaia.net	华语/JAV中文受众市场	成人漫画/动画	漫画/动画内容浏览	阅读/图片/动画	V2Fly
hentaiaction.net	华语/JAV中文受众市场	成人漫画/动画	漫画/动画内容浏览	阅读/图片/动画	V2Fly
hentaiasmr.moe	华语/JAV中文受众市场	成人漫画/动画	漫画/动画内容浏览	阅读/图片/动画	V2Fly
hentaibaka.one	华语/JAV中文受众市场	成人漫画/动画	漫画/动画内容浏览	阅读/图片/动画	V2Fly
hentaibar.com	华语/JAV中文受众市场	成人漫画/动画	漫画/动画内容浏览	阅读/图片/动画	V2Fly
hentaiblue.com	华语/JAV中文受众市场	成人漫画/动画	漫画/动画内容浏览	阅读/图片/动画	V2Fly
hentaibros.com	华语/JAV中文受众市场	成人漫画/动画	漫画/动画内容浏览	阅读/图片/动画	V2Fly
hentaicity.com	华语/JAV中文受众市场	成人漫画/动画	漫画/动画内容浏览	阅读/图片/动画	V2Fly
hentaicloud.com	华语/JAV中文受众市场	成人漫画/动画	漫画/动画内容浏览	阅读/图片/动画	V2Fly
hentaiclub.net	华语/JAV中文受众市场	成人漫画/动画	漫画/动画内容浏览	阅读/图片/动画	V2Fly
hentaicomic.ru	华语/JAV中文受众市场	成人漫画/动画	漫画/动画内容浏览	阅读/图片/动画	V2Fly
hentaicomics.asia	华语/JAV中文受众市场	成人漫画/动画	漫画/动画内容浏览	阅读/图片/动画	V2Fly
hentaicomics.life	华语/JAV中文受众市场	成人漫画/动画	漫画/动画内容浏览	阅读/图片/动画	V2Fly
hentaicore.net	华语/JAV中文受众市场	成人漫画/动画	漫画/动画内容浏览	阅读/图片/动画	V2Fly
hentaicore.org	华语/JAV中文受众市场	成人漫画/动画	漫画/动画内容浏览	阅读/图片/动画	V2Fly
hentaicovid.com	华语/JAV中文受众市场	成人漫画/动画	漫画/动画内容浏览	阅读/图片/动画	V2Fly
hentaidirectory.org	华语/JAV中文受众市场	成人漫画/动画	漫画/动画内容浏览	阅读/图片/动画	V2Fly
hentaidude.com	华语/JAV中文受众市场	成人漫画/动画	漫画/动画内容浏览	阅读/图片/动画	V2Fly
hentaidude.xxx	华语/JAV中文受众市场	成人漫画/动画	漫画/动画内容浏览	阅读/图片/动画	V2Fly
hentaienvy.com	华语/JAV中文受众市场	成人漫画/动画	漫画/动画内容浏览	阅读/图片/动画	V2Fly
hentaiera.com	华语/JAV中文受众市场	成人漫画/动画	漫画/动画内容浏览	阅读/图片/动画	V2Fly
hentaiero.net	华语/JAV中文受众市场	成人漫画/动画	漫画/动画内容浏览	阅读/图片/动画	V2Fly
hentaifc.com	华语/JAV中文受众市场	成人漫画/动画	漫画/动画内容浏览	阅读/图片/动画	V2Fly
hentaifox.com	华语/JAV中文受众市场	成人漫画/动画	漫画/动画内容浏览	阅读/图片/动画	V2Fly
hentaifox.tv	华语/JAV中文受众市场	成人漫画/动画	漫画/动画内容浏览	阅读/图片/动画	V2Fly
hentaifreak.org	华语/JAV中文受众市场	成人漫画/动画	漫画/动画内容浏览	阅读/图片/动画	V2Fly
hentaifromhell.org	华语/JAV中文受众市场	成人漫画/动画	漫画/动画内容浏览	阅读/图片/动画	V2Fly
hentaigamer.org	华语/JAV中文受众市场	成人漫画/动画	漫画/动画内容浏览	阅读/图片/动画	V2Fly
hentaigamesplanet.com	华语/JAV中文受众市场	成人漫画/动画	漫画/动画内容浏览	阅读/图片/动画	V2Fly
hentaigasm.com	华语/JAV中文受众市场	成人漫画/动画	漫画/动画内容浏览	阅读/图片/动画	V2Fly
hentaihand.com	华语/JAV中文受众市场	成人漫画/动画	漫画/动画内容浏览	阅读/图片/动画	V2Fly
hentaihaven.com	华语/JAV中文受众市场	成人漫画/动画	漫画/动画内容浏览	阅读/图片/动画	V2Fly
hentaihaven.io	华语/JAV中文受众市场	成人漫画/动画	漫画/动画内容浏览	阅读/图片/动画	V2Fly
hentaihaven.me	华语/JAV中文受众市场	成人漫画/动画	漫画/动画内容浏览	阅读/图片/动画	V2Fly
hentaihaven.red	华语/JAV中文受众市场	成人漫画/动画	漫画/动画内容浏览	阅读/图片/动画	V2Fly
hentaihaven.xxx	华语/JAV中文受众市场	成人漫画/动画	漫画/动画内容浏览	阅读/图片/动画	V2Fly
hentaiheadlines.com	华语/JAV中文受众市场	成人漫画/动画	漫画/动画内容浏览	阅读/图片/动画	V2Fly
hentaihere.com	华语/JAV中文受众市场	成人漫画/动画	漫画/动画内容浏览	阅读/图片/动画	V2Fly
hentaiheroes.com	华语/JAV中文受众市场	成人漫画/动画	漫画/动画内容浏览	阅读/图片/动画	V2Fly
hentaihub.xxx	华语/JAV中文受众市场	成人漫画/动画	漫画/动画内容浏览	阅读/图片/动画	V2Fly
hentaikey.com	华语/JAV中文受众市场	成人漫画/动画	漫画/动画内容浏览	阅读/图片/动画	V2Fly
hentaiknight.com	华语/JAV中文受众市场	成人漫画/动画	漫画/动画内容浏览	阅读/图片/动画	V2Fly
hentailabs.com	华语/JAV中文受众市场	成人漫画/动画	漫画/动画内容浏览	阅读/图片/动画	V2Fly
hentailegendado.com	华语/JAV中文受众市场	成人漫画/动画	漫画/动画内容浏览	阅读/图片/动画	V2Fly
hentaimama.io	华语/JAV中文受众市场	成人漫画/动画	漫画/动画内容浏览	阅读/图片/动画	V2Fly
hentaimangaporn.com	华语/JAV中文受众市场	成人漫画/动画	漫画/动画内容浏览	阅读/图片/动画	V2Fly
hentaimovieplanet.com	华语/JAV中文受众市场	成人漫画/动画	漫画/动画内容浏览	阅读/图片/动画	V2Fly
hentainanime.com	华语/JAV中文受众市场	成人漫画/动画	漫画/动画内容浏览	阅读/图片/动画	V2Fly
hentainhaven.com	华语/JAV中文受众市场	成人漫画/动画	漫画/动画内容浏览	阅读/图片/动画	V2Fly
hentainstream.com	华语/JAV中文受众市场	成人漫画/动画	漫画/动画内容浏览	阅读/图片/动画	V2Fly
hentaipapa.com	华语/JAV中文受众市场	成人漫画/动画	漫画/动画内容浏览	阅读/图片/动画	V2Fly
hentaipaw.com	华语/JAV中文受众市场	成人漫画/动画	漫画/动画内容浏览	阅读/图片/动画	V2Fly
hentaiplay.net	华语/JAV中文受众市场	成人漫画/动画	漫画/动画内容浏览	阅读/图片/动画	V2Fly
hentaiporn.com	华语/JAV中文受众市场	成人漫画/动画	漫画/动画内容浏览	阅读/图片/动画	V2Fly
hentaipornonly.com	华语/JAV中文受众市场	成人漫画/动画	漫画/动画内容浏览	阅读/图片/动画	V2Fly
hentaiprn.com	华语/JAV中文受众市场	成人漫画/动画	漫画/动画内容浏览	阅读/图片/动画	V2Fly
hentaiprno.com	华语/JAV中文受众市场	成人漫画/动画	漫画/动画内容浏览	阅读/图片/动画	V2Fly
hentaipros.com	华语/JAV中文受众市场	成人漫画/动画	漫画/动画内容浏览	阅读/图片/动画	V2Fly
hentairank.supertop-100.com	华语/JAV中文受众市场	成人漫画/动画	漫画/动画内容浏览	阅读/图片/动画	V2Fly
hentairead.com	华语/JAV中文受众市场	成人漫画/动画	漫画/动画内容浏览	阅读/图片/动画	V2Fly
hentairead.info	华语/JAV中文受众市场	成人漫画/动画	漫画/动画内容浏览	阅读/图片/动画	V2Fly
hentairead.vip	华语/JAV中文受众市场	成人漫画/动画	漫画/动画内容浏览	阅读/图片/动画	V2Fly
hentairox.com	华语/JAV中文受众市场	成人漫画/动画	漫画/动画内容浏览	阅读/图片/动画	V2Fly
hentairules.net	华语/JAV中文受众市场	成人漫画/动画	漫画/动画内容浏览	阅读/图片/动画	V2Fly
hentais.tube	华语/JAV中文受众市场	成人漫画/动画	漫画/动画内容浏览	阅读/图片/动画	V2Fly
hentaisea.com	华语/JAV中文受众市场	成人漫画/动画	漫画/动画内容浏览	阅读/图片/动画	V2Fly
hentaiseason.com	华语/JAV中文受众市场	成人漫画/动画	漫画/动画内容浏览	阅读/图片/动画	V2Fly
hentaispark.com	华语/JAV中文受众市场	成人漫画/动画	漫画/动画内容浏览	阅读/图片/动画	V2Fly
hentaistream.com	华语/JAV中文受众市场	成人漫画/动画	漫画/动画内容浏览	阅读/图片/动画	V2Fly
hentaistream.tv	华语/JAV中文受众市场	成人漫画/动画	漫画/动画内容浏览	阅读/图片/动画	V2Fly
hentaistube.com	华语/JAV中文受众市场	成人漫画/动画	漫画/动画内容浏览	阅读/图片/动画	V2Fly
hentaisub.info	华语/JAV中文受众市场	成人漫画/动画	漫画/动画内容浏览	阅读/图片/动画	V2Fly
hentaitalk.com	华语/JAV中文受众市场	成人漫画/动画	漫画/动画内容浏览	阅读/图片/动画	V2Fly
hentaitk.com	华语/JAV中文受众市场	成人漫画/动画	漫画/动画内容浏览	阅读/图片/动画	V2Fly
hentaitokyo.com	华语/JAV中文受众市场	成人漫画/动画	漫画/动画内容浏览	阅读/图片/动画	V2Fly
hentaitube.online	华语/JAV中文受众市场	成人漫画/动画	漫画/动画内容浏览	阅读/图片/动画	V2Fly
hentaivideos.net	华语/JAV中文受众市场	成人漫画/动画	漫画/动画内容浏览	阅读/图片/动画	V2Fly
hentaivox.com	华语/JAV中文受众市场	成人漫画/动画	漫画/动画内容浏览	阅读/图片/动画	V2Fly
hentaivvz.com	华语/JAV中文受众市场	成人漫画/动画	漫画/动画内容浏览	阅读/图片/动画	V2Fly
hentaiworld.eu	华语/JAV中文受众市场	成人漫画/动画	漫画/动画内容浏览	阅读/图片/动画	V2Fly
hentaiworld.tv	华语/JAV中文受众市场	成人漫画/动画	漫画/动画内容浏览	阅读/图片/动画	V2Fly
hentaiworldporn.com	华语/JAV中文受众市场	成人漫画/动画	漫画/动画内容浏览	阅读/图片/动画	V2Fly
hentaix.me	华语/JAV中文受众市场	成人漫画/动画	漫画/动画内容浏览	阅读/图片/动画	V2Fly
hentaixxx.vip	华语/JAV中文受众市场	成人漫画/动画	漫画/动画内容浏览	阅读/图片/动画	V2Fly
hentaixxxvids.com	华语/JAV中文受众市场	成人漫画/动画	漫画/动画内容浏览	阅读/图片/动画	V2Fly
hentaiyes.com	华语/JAV中文受众市场	成人漫画/动画	漫画/动画内容浏览	阅读/图片/动画	V2Fly
hentaiz.co	华语/JAV中文受众市场	成人漫画/动画	漫画/动画内容浏览	阅读/图片/动画	V2Fly
hentaiz.mobi	华语/JAV中文受众市场	成人漫画/动画	漫画/动画内容浏览	阅读/图片/动画	V2Fly
hentaiz.vip	华语/JAV中文受众市场	成人漫画/动画	漫画/动画内容浏览	阅读/图片/动画	V2Fly
hentaizap.com	华语/JAV中文受众市场	成人漫画/动画	漫画/动画内容浏览	阅读/图片/动画	V2Fly
hentaizilla.com	华语/JAV中文受众市场	成人漫画/动画	漫画/动画内容浏览	阅读/图片/动画	V2Fly
hentaizz.net	华语/JAV中文受众市场	成人漫画/动画	漫画/动画内容浏览	阅读/图片/动画	V2Fly
hifuli.com	华语/JAV中文受众市场	成人视频	视频点播/内容聚合	视频浏览/在线播放	V2Fly
hongkongdoll.tv	华语/JAV中文受众市场	成人视频	视频点播/内容聚合	视频浏览/在线播放	V2Fly
hongkongdollvideo.org	华语/JAV中文受众市场	成人视频	视频点播/内容聚合	视频浏览/在线播放	V2Fly
hornyjav.com	华语/JAV中文受众市场	成人视频	视频点播/内容聚合	视频浏览/在线播放	V2Fly
hotjav.tv	华语/JAV中文受众市场	成人视频	视频点播/内容聚合	视频浏览/在线播放	V2Fly
hpjav.tv	华语/JAV中文受众市场	成人视频	视频点播/内容聚合	视频浏览/在线播放	V2Fly
i69.com.tw	华语/JAV中文受众市场	成人视频	视频点播/内容聚合	视频浏览/在线播放	V2Fly
i91dz.com	华语/JAV中文受众市场	成人视频	视频点播/内容聚合	视频浏览/在线播放	V2Fly
ichineseporn.com	华语/JAV中文受众市场	成人视频	视频点播/内容聚合	视频浏览/在线播放	V2Fly
iframejav.com	华语/JAV中文受众市场	成人视频	视频点播/内容聚合	视频浏览/在线播放	V2Fly
iijav.com	华语/JAV中文受众市场	成人视频	视频点播/内容聚合	视频浏览/在线播放	V2Fly
ijavhd.com	华语/JAV中文受众市场	成人视频	视频点播/内容聚合	视频浏览/在线播放	V2Fly
ijavtorrent.com	华语/JAV中文受众市场	成人视频	视频点播/内容聚合	视频浏览/在线播放	V2Fly
imhentai.xxx	华语/JAV中文受众市场	成人漫画/动画	漫画/动画内容浏览	阅读/图片/动画	V2Fly
isexlove.tw	华语/JAV中文受众市场	成人视频	视频点播/内容聚合	视频浏览/在线播放	V2Fly
jable.one	华语/JAV中文受众市场	成人视频	视频点播/内容聚合	视频浏览/在线播放	V2Fly
jable.org	华语/JAV中文受众市场	成人视频	视频点播/内容聚合	视频浏览/在线播放	V2Fly
jav-angel.net	华语/JAV中文受众市场	成人视频	视频点播/内容聚合	视频浏览/在线播放	V2Fly
jav-subtitles.com	华语/JAV中文受众市场	成人视频	视频点播/内容聚合	视频浏览/在线播放	V2Fly
jav-vr.net	华语/JAV中文受众市场	成人视频	视频点播/内容聚合	视频浏览/在线播放	V2Fly
jav.com.co	华语/JAV中文受众市场	成人视频	视频点播/内容聚合	视频浏览/在线播放	V2Fly
jav.dog	华语/JAV中文受众市场	成人视频	视频点播/内容聚合	视频浏览/在线播放	V2Fly
jav.gallery	华语/JAV中文受众市场	成人图片/图库	图片/图库浏览	图片浏览	V2Fly
jav.guru	华语/JAV中文受众市场	成人视频	视频点播/内容聚合	视频浏览/在线播放	V2Fly
jav.la	华语/JAV中文受众市场	成人视频	视频点播/内容聚合	视频浏览/在线播放	V2Fly
jav.land	华语/JAV中文受众市场	成人视频	视频点播/内容聚合	视频浏览/在线播放	V2Fly
jav.place	华语/JAV中文受众市场	成人视频	视频点播/内容聚合	视频浏览/在线播放	V2Fly
jav.sb	华语/JAV中文受众市场	成人视频	视频点播/内容聚合	视频浏览/在线播放	V2Fly
jav.si	华语/JAV中文受众市场	成人视频	视频点播/内容聚合	视频浏览/在线播放	V2Fly
jav.wine	华语/JAV中文受众市场	成人视频	视频点播/内容聚合	视频浏览/在线播放	V2Fly
jav01.cc	华语/JAV中文受众市场	成人视频	视频点播/内容聚合	视频浏览/在线播放	V2Fly
jav101.com	华语/JAV中文受众市场	成人视频	视频点播/内容聚合	视频浏览/在线播放	V2Fly
jav123.com	华语/JAV中文受众市场	成人视频	视频点播/内容聚合	视频浏览/在线播放	V2Fly
jav168.cc	华语/JAV中文受众市场	成人视频	视频点播/内容聚合	视频浏览/在线播放	V2Fly
jav19.com	华语/JAV中文受众市场	成人视频	视频点播/内容聚合	视频浏览/在线播放	V2Fly
jav223.com	华语/JAV中文受众市场	成人视频	视频点播/内容聚合	视频浏览/在线播放	V2Fly
jav24.com	华语/JAV中文受众市场	成人视频	视频点播/内容聚合	视频浏览/在线播放	V2Fly
jav2be.com	华语/JAV中文受众市场	成人视频	视频点播/内容聚合	视频浏览/在线播放	V2Fly
jav321.com	华语/JAV中文受众市场	成人视频	视频点播/内容聚合	视频浏览/在线播放	V2Fly
jav4you.org	华语/JAV中文受众市场	成人视频	视频点播/内容聚合	视频浏览/在线播放	V2Fly
jav789.com	华语/JAV中文受众市场	成人视频	视频点播/内容聚合	视频浏览/在线播放	V2Fly
jav889.xyz	华语/JAV中文受众市场	成人视频	视频点播/内容聚合	视频浏览/在线播放	V2Fly
jav9999.com	华语/JAV中文受众市场	成人视频	视频点播/内容聚合	视频浏览/在线播放	V2Fly
javbabe.net	华语/JAV中文受众市场	成人视频	视频点播/内容聚合	视频浏览/在线播放	V2Fly
javbangers.com	华语/JAV中文受众市场	成人视频	视频点播/内容聚合	视频浏览/在线播放	V2Fly
javbest.tv	华语/JAV中文受众市场	成人视频	视频点播/内容聚合	视频浏览/在线播放	V2Fly
javbobo.com	华语/JAV中文受众市场	成人视频	视频点播/内容聚合	视频浏览/在线播放	V2Fly
javbooks.com	华语/JAV中文受众市场	成人视频	视频点播/内容聚合	视频浏览/在线播放	V2Fly
javbraze.com	华语/JAV中文受众市场	成人视频	视频点播/内容聚合	视频浏览/在线播放	V2Fly
javbuz.com	华语/JAV中文受众市场	成人视频	视频点播/内容聚合	视频浏览/在线播放	V2Fly
javcl.com	华语/JAV中文受众市场	成人视频	视频点播/内容聚合	视频浏览/在线播放	V2Fly
javct.net	华语/JAV中文受众市场	成人视频	视频点播/内容聚合	视频浏览/在线播放	V2Fly
javcup.com	华语/JAV中文受众市场	成人视频	视频点播/内容聚合	视频浏览/在线播放	V2Fly
javdatabase.com	华语/JAV中文受众市场	成人视频	视频点播/内容聚合	视频浏览/在线播放	V2Fly
javday.tv	华语/JAV中文受众市场	成人视频	视频点播/内容聚合	视频浏览/在线播放	V2Fly
javdisk.com	华语/JAV中文受众市场	成人视频	视频点播/内容聚合	视频浏览/在线播放	V2Fly
javdock.com	华语/JAV中文受众市场	成人视频	视频点播/内容聚合	视频浏览/在线播放	V2Fly
javdoe.to	华语/JAV中文受众市场	成人视频	视频点播/内容聚合	视频浏览/在线播放	V2Fly
javdove.com	华语/JAV中文受众市场	成人视频	视频点播/内容聚合	视频浏览/在线播放	V2Fly
javdove8.xyz	华语/JAV中文受众市场	成人视频	视频点播/内容聚合	视频浏览/在线播放	V2Fly
javextreme.net	华语/JAV中文受众市场	成人视频	视频点播/内容聚合	视频浏览/在线播放	V2Fly
javfc2.xyz	华语/JAV中文受众市场	成人视频	视频点播/内容聚合	视频浏览/在线播放	V2Fly
javfilms.com	华语/JAV中文受众市场	成人视频	视频点播/内容聚合	视频浏览/在线播放	V2Fly
javfor.me	华语/JAV中文受众市场	成人视频	视频点播/内容聚合	视频浏览/在线播放	V2Fly
javforme.ninja	华语/JAV中文受众市场	成人视频	视频点播/内容聚合	视频浏览/在线播放	V2Fly
javfree.la	华语/JAV中文受众市场	成人视频	视频点播/内容聚合	视频浏览/在线播放	V2Fly
javfree.me	华语/JAV中文受众市场	成人视频	视频点播/内容聚合	视频浏览/在线播放	V2Fly
javfree.sh	华语/JAV中文受众市场	成人视频	视频点播/内容聚合	视频浏览/在线播放	V2Fly
javfuck.net	华语/JAV中文受众市场	成人视频	视频点播/内容聚合	视频浏览/在线播放	V2Fly
javfull.net	华语/JAV中文受众市场	成人视频	视频点播/内容聚合	视频浏览/在线播放	V2Fly
javfun.me	华语/JAV中文受众市场	成人视频	视频点播/内容聚合	视频浏览/在线播放	V2Fly
javfv.com	华语/JAV中文受众市场	成人视频	视频点播/内容聚合	视频浏览/在线播放	V2Fly
javgg.net	华语/JAV中文受众市场	成人视频	视频点播/内容聚合	视频浏览/在线播放	V2Fly
javgrown.com	华语/JAV中文受众市场	成人视频	视频点播/内容聚合	视频浏览/在线播放	V2Fly
javhard.net	华语/JAV中文受众市场	成人视频	视频点播/内容聚合	视频浏览/在线播放	V2Fly
javhard.org	华语/JAV中文受众市场	成人视频	视频点播/内容聚合	视频浏览/在线播放	V2Fly
javhaven.com	华语/JAV中文受众市场	成人视频	视频点播/内容聚合	视频浏览/在线播放	V2Fly
javhd.com	华语/JAV中文受众市场	成人视频	视频点播/内容聚合	视频浏览/在线播放	V2Fly
javhd.icu	华语/JAV中文受众市场	成人视频	视频点播/内容聚合	视频浏览/在线播放	V2Fly
javhd.pro	华语/JAV中文受众市场	成人视频	视频点播/内容聚合	视频浏览/在线播放	V2Fly
javhd.today	华语/JAV中文受众市场	成人视频	视频点播/内容聚合	视频浏览/在线播放	V2Fly
javhd3x.com	华语/JAV中文受众市场	成人视频	视频点播/内容聚合	视频浏览/在线播放	V2Fly
javhdfree.net	华语/JAV中文受众市场	成人视频	视频点播/内容聚合	视频浏览/在线播放	V2Fly
javhdhello.com	华语/JAV中文受众市场	成人视频	视频点播/内容聚合	视频浏览/在线播放	V2Fly
javhdonline.com	华语/JAV中文受众市场	成人视频	视频点播/内容聚合	视频浏览/在线播放	V2Fly
javhdporn.com	华语/JAV中文受众市场	成人视频	视频点播/内容聚合	视频浏览/在线播放	V2Fly
javhdporn.net	华语/JAV中文受众市场	成人视频	视频点播/内容聚合	视频浏览/在线播放	V2Fly
javher.com	华语/JAV中文受众市场	成人视频	视频点播/内容聚合	视频浏览/在线播放	V2Fly
javheroine.com	华语/JAV中文受众市场	成人视频	视频点播/内容聚合	视频浏览/在线播放	V2Fly
javhihi.com	华语/JAV中文受众市场	成人视频	视频点播/内容聚合	视频浏览/在线播放	V2Fly
javhub.com	华语/JAV中文受众市场	成人视频	视频点播/内容聚合	视频浏览/在线播放	V2Fly
javhub.me	华语/JAV中文受众市场	成人视频	视频点播/内容聚合	视频浏览/在线播放	V2Fly
javhub.net	华语/JAV中文受众市场	成人视频	视频点播/内容聚合	视频浏览/在线播放	V2Fly
javidol.org	华语/JAV中文受众市场	成人视频	视频点播/内容聚合	视频浏览/在线播放	V2Fly
javjack.com	华语/JAV中文受众市场	成人视频	视频点播/内容聚合	视频浏览/在线播放	V2Fly
javjunkies.com	华语/JAV中文受众市场	成人视频	视频点播/内容聚合	视频浏览/在线播放	V2Fly
javlands.net	华语/JAV中文受众市场	成人视频	视频点播/内容聚合	视频浏览/在线播放	V2Fly
javleak.com	华语/JAV中文受众市场	成人视频	视频点播/内容聚合	视频浏览/在线播放	V2Fly
javlibrary.com	华语/JAV中文受众市场	成人视频	视频点播/内容聚合	视频浏览/在线播放	V2Fly
javlibrary.tv	华语/JAV中文受众市场	成人视频	视频点播/内容聚合	视频浏览/在线播放	V2Fly
javmenu.com	华语/JAV中文受众市场	成人视频	视频点播/内容聚合	视频浏览/在线播放	V2Fly
javmix.me	华语/JAV中文受众市场	成人视频	视频点播/内容聚合	视频浏览/在线播放	V2Fly
javmix.tv	华语/JAV中文受众市场	成人视频	视频点播/内容聚合	视频浏览/在线播放	V2Fly
javmobile.mobi	华语/JAV中文受众市场	成人视频	视频点播/内容聚合	视频浏览/在线播放	V2Fly
javmodel.com	华语/JAV中文受众市场	成人视频	视频点播/内容聚合	视频浏览/在线播放	V2Fly
javmost.com	华语/JAV中文受众市场	成人视频	视频点播/内容聚合	视频浏览/在线播放	V2Fly
javmost.cx	华语/JAV中文受众市场	成人视频	视频点播/内容聚合	视频浏览/在线播放	V2Fly
javmost.xyz	华语/JAV中文受众市场	成人视频	视频点播/内容聚合	视频浏览/在线播放	V2Fly
javmuch.com	华语/JAV中文受众市场	成人视频	视频点播/内容聚合	视频浏览/在线播放	V2Fly
javmulu.net	华语/JAV中文受众市场	成人视频	视频点播/内容聚合	视频浏览/在线播放	V2Fly
javopen.co	华语/JAV中文受众市场	成人视频	视频点播/内容聚合	视频浏览/在线播放	V2Fly
javout.co	华语/JAV中文受众市场	成人视频	视频点播/内容聚合	视频浏览/在线播放	V2Fly
javplatform.com	华语/JAV中文受众市场	成人视频	视频点播/内容聚合	视频浏览/在线播放	V2Fly
javpop.com	华语/JAV中文受众市场	成人视频	视频点播/内容聚合	视频浏览/在线播放	V2Fly
javpop.link	华语/JAV中文受众市场	成人视频	视频点播/内容聚合	视频浏览/在线播放	V2Fly
javporn.tech	华语/JAV中文受众市场	成人视频	视频点播/内容聚合	视频浏览/在线播放	V2Fly
javporn.ws	华语/JAV中文受众市场	成人视频	视频点播/内容聚合	视频浏览/在线播放	V2Fly
javpost.net	华语/JAV中文受众市场	成人视频	视频点播/内容聚合	视频浏览/在线播放	V2Fly
javprice.com	华语/JAV中文受众市场	成人视频	视频点播/内容聚合	视频浏览/在线播放	V2Fly
javprime.net	华语/JAV中文受众市场	成人视频	视频点播/内容聚合	视频浏览/在线播放	V2Fly
javpub.me	华语/JAV中文受众市场	成人视频	视频点播/内容聚合	视频浏览/在线播放	V2Fly
javpush.com	华语/JAV中文受众市场	成人视频	视频点播/内容聚合	视频浏览/在线播放	V2Fly
0xxx.ws	美国/英语市场	成人视频	视频点播/内容聚合	视频浏览/在线播放	V2Fly
100bucksbabes.com	美国/英语市场	成人视频	视频点播/内容聚合	视频浏览/在线播放	V2Fly
101tubeporn.com	美国/英语市场	成人视频	视频点播/内容聚合	视频浏览/在线播放	V2Fly
101xxx.xyz	美国/英语市场	成人视频	视频点播/内容聚合	视频浏览/在线播放	V2Fly
110xnxx.com	美国/英语市场	成人视频	视频点播/内容聚合	视频浏览/在线播放	V2Fly
1111mod-tube.buzz	美国/英语市场	成人视频	视频点播/内容聚合	视频浏览/在线播放	V2Fly
123sex.top	美国/英语市场	成人视频	视频点播/内容聚合	视频浏览/在线播放	V2Fly
161sex.com	美国/英语市场	成人视频	视频点播/内容聚合	视频浏览/在线播放	V2Fly
17supxxx.com	美国/英语市场	成人视频	视频点播/内容聚合	视频浏览/在线播放	V2Fly
18porno.tv	美国/英语市场	成人视频	视频点播/内容聚合	视频浏览/在线播放	V2Fly
18sex.org	美国/英语市场	成人视频	视频点播/内容聚合	视频浏览/在线播放	V2Fly
18tube.xxx	美国/英语市场	成人视频	视频点播/内容聚合	视频浏览/在线播放	V2Fly
1classtube.com	美国/英语市场	成人视频	视频点播/内容聚合	视频浏览/在线播放	V2Fly
1pornlist.com	美国/英语市场	成人视频	视频点播/内容聚合	视频浏览/在线播放	V2Fly
24porn.com	美国/英语市场	成人视频	视频点播/内容聚合	视频浏览/在线播放	V2Fly
24porn.pro	美国/英语市场	成人视频	视频点播/内容聚合	视频浏览/在线播放	V2Fly
2adultflashgames.com	美国/英语市场	成人游戏	成人游戏/互动娱乐	游戏/互动	V2Fly
2beeg.me	美国/英语市场	成人视频	视频点播/内容聚合	视频浏览/在线播放	V2Fly
2gayboys.com	美国/英语市场	成人视频	视频点播/内容聚合	视频浏览/在线播放	V2Fly
30plusgirls.com	美国/英语市场	成人视频	视频点播/内容聚合	视频浏览/在线播放	V2Fly
3arabporn.com	美国/英语市场	成人视频	视频点播/内容聚合	视频浏览/在线播放	V2Fly
3d-xxx.com	美国/英语市场	成人视频	视频点播/内容聚合	视频浏览/在线播放	V2Fly
3dadultgames.net	美国/英语市场	成人游戏	成人游戏/互动娱乐	游戏/互动	V2Fly
3dfuckhouse.com	美国/英语市场	成人视频	视频点播/内容聚合	视频浏览/在线播放	V2Fly
3dsexgames.biz	美国/英语市场	成人游戏	成人游戏/互动娱乐	游戏/互动	V2Fly
3dsexmovies.biz	美国/英语市场	成人视频	视频点播/内容聚合	视频浏览/在线播放	V2Fly
3dsexplay.xyz	美国/英语市场	成人视频	视频点播/内容聚合	视频浏览/在线播放	V2Fly
3dsexvilla.com	美国/英语市场	成人视频	视频点播/内容聚合	视频浏览/在线播放	V2Fly
3dsexy.net	美国/英语市场	成人视频	视频点播/内容聚合	视频浏览/在线播放	V2Fly
3pornhere.com	美国/英语市场	成人视频	视频点播/内容聚合	视频浏览/在线播放	V2Fly
3pornstarmovies.com	美国/英语市场	成人视频	视频点播/内容聚合	视频浏览/在线播放	V2Fly
3xxx.pro	美国/英语市场	成人视频	视频点播/内容聚合	视频浏览/在线播放	V2Fly
40momporntube.com	美国/英语市场	成人视频	视频点播/内容聚合	视频浏览/在线播放	V2Fly
45porn.com	美国/英语市场	成人视频	视频点播/内容聚合	视频浏览/在线播放	V2Fly
4kporn.xxx	美国/英语市场	成人视频	视频点播/内容聚合	视频浏览/在线播放	V2Fly
4ksex.me	美国/英语市场	成人视频	视频点播/内容聚合	视频浏览/在线播放	V2Fly
4porn.com	美国/英语市场	成人视频	视频点播/内容聚合	视频浏览/在线播放	V2Fly
4porn4.com	美国/英语市场	成人视频	视频点播/内容聚合	视频浏览/在线播放	V2Fly
4tube.com	美国/英语市场	成人视频	视频点播/内容聚合	视频浏览/在线播放	V2Fly
4tubefree.net	美国/英语市场	成人视频	视频点播/内容聚合	视频浏览/在线播放	V2Fly
69-sexgames.com	美国/英语市场	成人游戏	成人游戏/互动娱乐	游戏/互动	V2Fly
69games.xxx	美国/英语市场	成人游戏	成人游戏/互动娱乐	游戏/互动	V2Fly
69gayporno.com	美国/英语市场	成人视频	视频点播/内容聚合	视频浏览/在线播放	V2Fly
69tubesex.com	美国/英语市场	成人视频	视频点播/内容聚合	视频浏览/在线播放	V2Fly
69xporn.com	美国/英语市场	成人视频	视频点播/内容聚合	视频浏览/在线播放	V2Fly
6sextube.com	美国/英语市场	成人视频	视频点播/内容聚合	视频浏览/在线播放	V2Fly
6xxxvideos.com	美国/英语市场	成人视频	视频点播/内容聚合	视频浏览/在线播放	V2Fly
777xporn.com	美国/英语市场	成人视频	视频点播/内容聚合	视频浏览/在线播放	V2Fly
85tube.com	美国/英语市场	成人视频	视频点播/内容聚合	视频浏览/在线播放	V2Fly
8kpornvids.com	美国/英语市场	成人视频	视频点播/内容聚合	视频浏览/在线播放	V2Fly
8muses.xxx	美国/英语市场	成人视频	视频点播/内容聚合	视频浏览/在线播放	V2Fly
8xxx.net	美国/英语市场	成人视频	视频点播/内容聚合	视频浏览/在线播放	V2Fly
941tube.com	美国/英语市场	成人视频	视频点播/内容聚合	视频浏览/在线播放	V2Fly
abigass.com	美国/英语市场	成人视频	视频点播/内容聚合	视频浏览/在线播放	V2Fly
aboutporno.net	美国/英语市场	成人视频	视频点播/内容聚合	视频浏览/在线播放	V2Fly
absoluporn.com	美国/英语市场	成人视频	视频点播/内容聚合	视频浏览/在线播放	V2Fly
adporn.cc	美国/英语市场	成人视频	视频点播/内容聚合	视频浏览/在线播放	V2Fly
adpornu.xyz	美国/英语市场	成人视频	视频点播/内容聚合	视频浏览/在线播放	V2Fly
adult-h.com	美国/英语市场	成人视频	视频点播/内容聚合	视频浏览/在线播放	V2Fly
adult-home-videos.com	美国/英语市场	成人视频	视频点播/内容聚合	视频浏览/在线播放	V2Fly
adult-list.com	美国/英语市场	成人视频	视频点播/内容聚合	视频浏览/在线播放	V2Fly
adult-sex-games.com	美国/英语市场	成人游戏	成人游戏/互动娱乐	游戏/互动	V2Fly
adult-web-site.net	美国/英语市场	成人视频	视频点播/内容聚合	视频浏览/在线播放	V2Fly
adult.toonsearch.net	美国/英语市场	成人漫画/动画	漫画/动画内容浏览	阅读/图片/动画	V2Fly
adult3dporno.com	美国/英语市场	成人视频	视频点播/内容聚合	视频浏览/在线播放	V2Fly
adult3dtoons.com	美国/英语市场	成人漫画/动画	漫画/动画内容浏览	阅读/图片/动画	V2Fly
adultartlinks.supertop-100.com	美国/英语市场	成人图片/图库	图片/图库浏览	图片浏览	V2Fly
adultartsites.com	美国/英语市场	成人图片/图库	图片/图库浏览	图片浏览	V2Fly
adultbay.org	美国/英语市场	成人视频	视频点播/内容聚合	视频浏览/在线播放	V2Fly
adultblogranking.com	美国/英语市场	成人视频	视频点播/内容聚合	视频浏览/在线播放	V2Fly
adultblogtoplist.com	美国/英语市场	成人视频	视频点播/内容聚合	视频浏览/在线播放	V2Fly
adultcamslover.com	美国/英语市场	成人直播/互动	实时直播与互动	直播/互动	V2Fly
adultdeepfakes.com	美国/英语市场	成人视频	视频点播/内容聚合	视频浏览/在线播放	V2Fly
adultdvdmarketplace.com	美国/英语市场	成人视频	视频点播/内容聚合	视频浏览/在线播放	V2Fly
adultdvdtalk.com	美国/英语市场	成人视频	视频点播/内容聚合	视频浏览/在线播放	V2Fly
adultempire.com	美国/英语市场	成人视频	视频点播/内容聚合	视频浏览/在线播放	V2Fly
adultepic.com	美国/英语市场	成人图片/图库	图片/图库浏览	图片浏览	V2Fly
adulterfree.com	美国/英语市场	成人视频	视频点播/内容聚合	视频浏览/在线播放	V2Fly
adulters.org	美国/英语市场	成人视频	视频点播/内容聚合	视频浏览/在线播放	V2Fly
adultfilmdatabase.com	美国/英语市场	成人视频	视频点播/内容聚合	视频浏览/在线播放	V2Fly
adultfreex.com	美国/英语市场	成人视频	视频点播/内容聚合	视频浏览/在线播放	V2Fly
adultfriendfinder.com	美国/英语市场	成人视频	视频点播/内容聚合	视频浏览/在线播放	V2Fly
adultgamereviews.com	美国/英语市场	成人游戏	成人游戏/互动娱乐	游戏/互动	V2Fly
adultgames.games	美国/英语市场	成人游戏	成人游戏/互动娱乐	游戏/互动	V2Fly
adultgames.me	美国/英语市场	成人游戏	成人游戏/互动娱乐	游戏/互动	V2Fly
adultgames18.com	美国/英语市场	成人游戏	成人游戏/互动娱乐	游戏/互动	V2Fly
adultgamesapk.com	美国/英语市场	成人游戏	成人游戏/互动娱乐	游戏/互动	V2Fly
adultgamescollector.com	美国/英语市场	成人游戏	成人游戏/互动娱乐	游戏/互动	V2Fly
adultgameson.com	美国/英语市场	成人游戏	成人游戏/互动娱乐	游戏/互动	V2Fly
adultgamesportal.com	美国/英语市场	成人游戏	成人游戏/互动娱乐	游戏/互动	V2Fly
adultgamestop.com	美国/英语市场	成人游戏	成人游戏/互动娱乐	游戏/互动	V2Fly
adultgamingroom.com	美国/英语市场	成人视频	视频点播/内容聚合	视频浏览/在线播放	V2Fly
adultgeek.net	美国/英语市场	成人视频	视频点播/内容聚合	视频浏览/在线播放	V2Fly
adulti01.com	美国/英语市场	成人视频	视频点播/内容聚合	视频浏览/在线播放	V2Fly
adultinfojpn.com	美国/英语市场	成人视频	视频点播/内容聚合	视频浏览/在线播放	V2Fly
adultism.com	美国/英语市场	成人视频	视频点播/内容聚合	视频浏览/在线播放	V2Fly
adultlister.com	美国/英语市场	成人视频	视频点播/内容聚合	视频浏览/在线播放	V2Fly
adultmagazinespdf.com	美国/英语市场	成人视频	视频点播/内容聚合	视频浏览/在线播放	V2Fly
adulto.vip	美国/英语市场	成人视频	视频点播/内容聚合	视频浏览/在线播放	V2Fly
adultpornvideos.net	美国/英语市场	成人视频	视频点播/内容聚合	视频浏览/在线播放	V2Fly
adultrental.com	美国/英语市场	成人视频	视频点播/内容聚合	视频浏览/在线播放	V2Fly
adultsexgame.biz	美国/英语市场	成人游戏	成人游戏/互动娱乐	游戏/互动	V2Fly
adultsexgames.biz	美国/英语市场	成人游戏	成人游戏/互动娱乐	游戏/互动	V2Fly
adultsextoys.com	美国/英语市场	成人视频	视频点播/内容聚合	视频浏览/在线播放	V2Fly
adulttime.com	美国/英语市场	成人视频	视频点播/内容聚合	视频浏览/在线播放	V2Fly
adulttoontube.com	美国/英语市场	成人漫画/动画	漫画/动画内容浏览	阅读/图片/动画	V2Fly
adultvideodump.com	美国/英语市场	成人视频	视频点播/内容聚合	视频浏览/在线播放	V2Fly
adultvideotop.com	美国/英语市场	成人视频	视频点播/内容聚合	视频浏览/在线播放	V2Fly
adultvirtualworlds.net	美国/英语市场	成人游戏	成人游戏/互动娱乐	游戏/互动	V2Fly
afappyending.com	美国/英语市场	成人视频	视频点播/内容聚合	视频浏览/在线播放	V2Fly
aflamporn.com	美国/英语市场	成人视频	视频点播/内容聚合	视频浏览/在线播放	V2Fly
aflamsex.net	美国/英语市场	成人视频	视频点播/内容聚合	视频浏览/在线播放	V2Fly
aflamsexhd.com	美国/英语市场	成人视频	视频点播/内容聚合	视频浏览/在线播放	V2Fly
ahcathyxxx.com	美国/英语市场	成人视频	视频点播/内容聚合	视频浏览/在线播放	V2Fly
ahpornogratuit.com	美国/英语市场	成人视频	视频点播/内容聚合	视频浏览/在线播放	V2Fly
ahpornotube.com	美国/英语市场	成人视频	视频点播/内容聚合	视频浏览/在线播放	V2Fly
ahsexfilme.com	美国/英语市场	成人视频	视频点播/内容聚合	视频浏览/在线播放	V2Fly
ahswingerporno.com	美国/英语市场	成人视频	视频点播/内容聚合	视频浏览/在线播放	V2Fly
ahvideosexe.com	美国/英语市场	成人视频	视频点播/内容聚合	视频浏览/在线播放	V2Fly
ahxxx.club	美国/英语市场	成人视频	视频点播/内容聚合	视频浏览/在线播放	V2Fly
airsextube.com	美国/英语市场	成人视频	视频点播/内容聚合	视频浏览/在线播放	V2Fly
all-sex-links.com	美国/英语市场	成人视频	视频点播/内容聚合	视频浏览/在线播放	V2Fly
all3dsexpics.com	美国/英语市场	成人图片/图库	图片/图库浏览	图片浏览	V2Fly
allfinegirls.com	美国/英语市场	成人视频	视频点播/内容聚合	视频浏览/在线播放	V2Fly
allhorsesex.com	美国/英语市场	成人视频	视频点播/内容聚合	视频浏览/在线播放	V2Fly
allmomsex.com	美国/英语市场	成人视频	视频点播/内容聚合	视频浏览/在线播放	V2Fly
allpasswords.com	美国/英语市场	成人视频	视频点播/内容聚合	视频浏览/在线播放	V2Fly
allpornsites.net	美国/英语市场	成人视频	视频点播/内容聚合	视频浏览/在线播放	V2Fly
allpornsitespass.com	美国/英语市场	成人视频	视频点播/内容聚合	视频浏览/在线播放	V2Fly
allspyclips.com	美国/英语市场	成人视频	视频点播/内容聚合	视频浏览/在线播放	V2Fly
alohatube.com	美国/英语市场	成人视频	视频点播/内容聚合	视频浏览/在线播放	V2Fly
alotporn.com	美国/英语市场	成人视频	视频点播/内容聚合	视频浏览/在线播放	V2Fly
alphaporno.com	美国/英语市场	成人视频	视频点播/内容聚合	视频浏览/在线播放	V2Fly
altporn.net	美国/英语市场	成人视频	视频点播/内容聚合	视频浏览/在线播放	V2Fly
amapornofilme.com	美国/英语市场	成人视频	视频点播/内容聚合	视频浏览/在线播放	V2Fly
amateur-cougar.com	美国/英语市场	成人视频	视频点播/内容聚合	视频浏览/在线播放	V2Fly
amateur-exhibitionist.org	美国/英语市场	成人视频	视频点播/内容聚合	视频浏览/在线播放	V2Fly
amateur-fetish.com	美国/英语市场	成人视频	视频点播/内容聚合	视频浏览/在线播放	V2Fly
amateur-gallery-post.com	美国/英语市场	成人图片/图库	图片/图库浏览	图片浏览	V2Fly
amateur-home-sex.com	美国/英语市场	成人视频	视频点播/内容聚合	视频浏览/在线播放	V2Fly
amateur-porn-clips.com	美国/英语市场	成人视频	视频点播/内容聚合	视频浏览/在线播放	V2Fly
amateur-porn-tube.net	美国/英语市场	成人视频	视频点播/内容聚合	视频浏览/在线播放	V2Fly
amateur-pussies.com	美国/英语市场	成人视频	视频点播/内容聚合	视频浏览/在线播放	V2Fly
amateur-threesomes.com	美国/英语市场	成人视频	视频点播/内容聚合	视频浏览/在线播放	V2Fly
amateuralbum.net	美国/英语市场	成人视频	视频点播/内容聚合	视频浏览/在线播放	V2Fly
amateuranalporn.com	美国/英语市场	成人视频	视频点播/内容聚合	视频浏览/在线播放	V2Fly
amateuranalvideos.com	美国/英语市场	成人视频	视频点播/内容聚合	视频浏览/在线播放	V2Fly
amateurarchiver.com	美国/英语市场	成人视频	视频点播/内容聚合	视频浏览/在线播放	V2Fly
amateurbdsmporn.com	美国/英语市场	成人视频	视频点播/内容聚合	视频浏览/在线播放	V2Fly
amateurblondegirls.com	美国/英语市场	成人视频	视频点播/内容聚合	视频浏览/在线播放	V2Fly
amateurblowjobporn.com	美国/英语市场	成人视频	视频点播/内容聚合	视频浏览/在线播放	V2Fly
amateurcool.com	美国/英语市场	成人视频	视频点播/内容聚合	视频浏览/在线播放	V2Fly
amateurcuckoldporn.com	美国/英语市场	成人视频	视频点播/内容聚合	视频浏览/在线播放	V2Fly
amateure-xtreme.com	美国/英语市场	成人视频	视频点播/内容聚合	视频浏览/在线播放	V2Fly
amateurest.com	美国/英语市场	成人视频	视频点播/内容聚合	视频浏览/在线播放	V2Fly
amateurgalore.net	美国/英语市场	成人视频	视频点播/内容聚合	视频浏览/在线播放	V2Fly
amateurgirlfriends.net	美国/英语市场	成人视频	视频点播/内容聚合	视频浏览/在线播放	V2Fly
amateurhomevids.com	美国/英语市场	成人视频	视频点播/内容聚合	视频浏览/在线播放	V2Fly
amateurhousewifefuck.com	美国/英语市场	成人视频	视频点播/内容聚合	视频浏览/在线播放	V2Fly
amateurmommymovies.com	美国/英语市场	成人视频	视频点播/内容聚合	视频浏览/在线播放	V2Fly
amateuroldsluts.com	美国/英语市场	成人视频	视频点播/内容聚合	视频浏览/在线播放	V2Fly
amateurpages.com	美国/英语市场	成人视频	视频点播/内容聚合	视频浏览/在线播放	V2Fly
amateurporn.photos	美国/英语市场	成人图片/图库	图片/图库浏览	图片浏览	V2Fly
amateurpornhouse.com	美国/英语市场	成人视频	视频点播/内容聚合	视频浏览/在线播放	V2Fly
amateurpornonly.com	美国/英语市场	成人视频	视频点播/内容聚合	视频浏览/在线播放	V2Fly
amateurpornsexvideos.com	美国/英语市场	成人视频	视频点播/内容聚合	视频浏览/在线播放	V2Fly
amateurs-fuck.com	美国/英语市场	成人视频	视频点播/内容聚合	视频浏览/在线播放	V2Fly
amateurs-gone-wild.com	美国/英语市场	成人视频	视频点播/内容聚合	视频浏览/在线播放	V2Fly
amateursecrets.net	美国/英语市场	成人视频	视频点播/内容聚合	视频浏览/在线播放	V2Fly
amateursexpussy.com	美国/英语市场	成人视频	视频点播/内容聚合	视频浏览/在线播放	V2Fly
amateursexstart.nl	美国/英语市场	成人图片/图库	图片/图库浏览	图片浏览	V2Fly
amateurslovesporn.com	美国/英语市场	成人视频	视频点播/内容聚合	视频浏览/在线播放	V2Fly
amateursvid.com	美国/英语市场	成人视频	视频点播/内容聚合	视频浏览/在线播放	V2Fly
amateurswingersmovies.com	美国/英语市场	成人视频	视频点播/内容聚合	视频浏览/在线播放	V2Fly
amateurthreesomeporn.com	美国/英语市场	成人视频	视频点播/内容聚合	视频浏览/在线播放	V2Fly
amateurwifefuck.com	美国/英语市场	成人视频	视频点播/内容聚合	视频浏览/在线播放	V2Fly
amateurwifetits.com	美国/英语市场	成人视频	视频点播/内容聚合	视频浏览/在线播放	V2Fly
amateurwifevideos.com	美国/英语市场	成人视频	视频点播/内容聚合	视频浏览/在线播放	V2Fly
amateurwivesvideos.com	美国/英语市场	成人视频	视频点播/内容聚合	视频浏览/在线播放	V2Fly
amateurxx.org	美国/英语市场	成人视频	视频点播/内容聚合	视频浏览/在线播放	V2Fly
amatporn.com	美国/英语市场	成人视频	视频点播/内容聚合	视频浏览/在线播放	V2Fly
anacams.com	美国/英语市场	成人直播/互动	实时直播与互动	直播/互动	V2Fly
analamateursex.com	美国/英语市场	成人视频	视频点播/内容聚合	视频浏览/在线播放	V2Fly
analcamshow.com	美国/英语市场	成人直播/互动	实时直播与互动	直播/互动	V2Fly
analfuckvideo.com	美国/英语市场	成人视频	视频点播/内容聚合	视频浏览/在线播放	V2Fly
analhomeporn.com	美国/英语市场	成人视频	视频点播/内容聚合	视频浏览/在线播放	V2Fly
anallivecams.com	美国/英语市场	成人直播/互动	实时直播与互动	直播/互动	V2Fly
analpornhouse.com	美国/英语市场	成人视频	视频点播/内容聚合	视频浏览/在线播放	V2Fly
analpornonly.com	美国/英语市场	成人视频	视频点播/内容聚合	视频浏览/在线播放	V2Fly
analpornosex.com	美国/英语市场	成人视频	视频点播/内容聚合	视频浏览/在线播放	V2Fly
anime-tube.pw	美国/英语市场	成人漫画/动画	漫画/动画内容浏览	阅读/图片/动画	V2Fly
animepornhd.com	美国/英语市场	成人漫画/动画	漫画/动画内容浏览	阅读/图片/动画	V2Fly
animesex.me	美国/英语市场	成人漫画/动画	漫画/动画内容浏览	阅读/图片/动画	V2Fly
animesexhq.com	美国/英语市场	成人漫画/动画	漫画/动画内容浏览	阅读/图片/动画	V2Fly
antarvasnaclips.com	美国/英语市场	成人视频	视频点播/内容聚合	视频浏览/在线播放	V2Fly
anudetube.com	美国/英语市场	成人图片/图库	图片/图库浏览	图片浏览	V2Fly
anyporn.com	美国/英语市场	成人视频	视频点播/内容聚合	视频浏览/在线播放	V2Fly
anypornhd.com	美国/英语市场	成人视频	视频点播/内容聚合	视频浏览/在线播放	V2Fly
anypornsexxx.com	美国/英语市场	成人视频	视频点播/内容聚合	视频浏览/在线播放	V2Fly
anysex.com	美国/英语市场	成人视频	视频点播/内容聚合	视频浏览/在线播放	V2Fly
anyxxx.me	美国/英语市场	成人视频	视频点播/内容聚合	视频浏览/在线播放	V2Fly
anyxxx.pro	美国/英语市场	成人视频	视频点播/内容聚合	视频浏览/在线播放	V2Fly
apornotube.net	美国/英语市场	成人视频	视频点播/内容聚合	视频浏览/在线播放	V2Fly
aporntv.com	美国/英语市场	成人视频	视频点播/内容聚合	视频浏览/在线播放	V2Fly
apornvideo.com	美国/英语市场	成人视频	视频点播/内容聚合	视频浏览/在线播放	V2Fly
arabxnxx.org	美国/英语市场	成人视频	视频点播/内容聚合	视频浏览/在线播放	V2Fly
arabysexy.com	美国/英语市场	成人视频	视频点播/内容聚合	视频浏览/在线播放	V2Fly
arabysexy.mobi	美国/英语市场	成人视频	视频点播/内容聚合	视频浏览/在线播放	V2Fly
artnudegalleries.com	美国/英语市场	成人图片/图库	图片/图库浏览	图片浏览	V2Fly
artoferotica.info	美国/英语市场	成人图片/图库	图片/图库浏览	图片浏览	V2Fly
asexdoll.com	美国/英语市场	成人视频	视频点播/内容聚合	视频浏览/在线播放	V2Fly
asextube.net	美国/英语市场	成人视频	视频点播/内容聚合	视频浏览/在线播放	V2Fly
ashemaletube.com	美国/英语市场	成人视频	视频点播/内容聚合	视频浏览/在线播放	V2Fly
asiamoviepass.com	美国/英语市场	成人视频	视频点播/内容聚合	视频浏览/在线播放	V2Fly
asian-anal-sex.com	美国/英语市场	成人视频	视频点播/内容聚合	视频浏览/在线播放	V2Fly
asianboygay.com	美国/英语市场	成人视频	视频点播/内容聚合	视频浏览/在线播放	V2Fly
asiancamgirllive.com	美国/英语市场	成人直播/互动	实时直播与互动	直播/互动	V2Fly
asiancamly.com	美国/英语市场	成人直播/互动	实时直播与互动	直播/互动	V2Fly
asianfreeporn.net	美国/英语市场	成人视频	视频点播/内容聚合	视频浏览/在线播放	V2Fly
asiangirlsnextdoor.com	美国/英语市场	成人视频	视频点播/内容聚合	视频浏览/在线播放	V2Fly
asianporn.rest	美国/英语市场	成人视频	视频点播/内容聚合	视频浏览/在线播放	V2Fly
asianporn.sexy	美国/英语市场	成人视频	视频点播/内容聚合	视频浏览/在线播放	V2Fly
asianpornlabs.com	美国/英语市场	成人视频	视频点播/内容聚合	视频浏览/在线播放	V2Fly
asianpornmovies.com	美国/英语市场	成人视频	视频点播/内容聚合	视频浏览/在线播放	V2Fly
asianpornonly.com	美国/英语市场	成人视频	视频点播/内容聚合	视频浏览/在线播放	V2Fly
asianporntrends.com	美国/英语市场	成人视频	视频点播/内容聚合	视频浏览/在线播放	V2Fly
asianpornup.com	美国/英语市场	成人视频	视频点播/内容聚合	视频浏览/在线播放	V2Fly
asiansex.sexy	美国/英语市场	成人视频	视频点播/内容聚合	视频浏览/在线播放	V2Fly
asiansexdiary.com	美国/英语市场	成人视频	视频点播/内容聚合	视频浏览/在线播放	V2Fly
asianwifeporn.com	美国/英语市场	成人视频	视频点播/内容聚合	视频浏览/在线播放	V2Fly
asianxxxvideos.cc	美国/英语市场	成人视频	视频点播/内容聚合	视频浏览/在线播放	V2Fly
asknudes.com	美国/英语市场	成人图片/图库	图片/图库浏览	图片浏览	V2Fly
asmr.gay	美国/英语市场	成人视频	视频点播/内容聚合	视频浏览/在线播放	V2Fly
ass4all.com	美国/英语市场	成人视频	视频点播/内容聚合	视频浏览/在线播放	V2Fly
assesphoto.com	美国/英语市场	成人图片/图库	图片/图库浏览	图片浏览	V2Fly
assoass.com	美国/英语市场	成人视频	视频点播/内容聚合	视频浏览/在线播放	V2Fly
assylum.com	美国/英语市场	成人视频	视频点播/内容聚合	视频浏览/在线播放	V2Fly
atube.sex	美国/英语市场	成人视频	视频点播/内容聚合	视频浏览/在线播放	V2Fly
atube.xxx	美国/英语市场	成人视频	视频点播/内容聚合	视频浏览/在线播放	V2Fly
atubex.com	美国/英语市场	成人视频	视频点播/内容聚合	视频浏览/在线播放	V2Fly
aznude.com	美国/英语市场	成人图片/图库	图片/图库浏览	图片浏览	V2Fly
babes34.com	美国/英语市场	成人视频	视频点播/内容聚合	视频浏览/在线播放	V2Fly
babes34.pro	美国/英语市场	成人视频	视频点播/内容聚合	视频浏览/在线播放	V2Fly
babesandbitches.net	美国/英语市场	成人视频	视频点播/内容聚合	视频浏览/在线播放	V2Fly
babesandgirls.com	美国/英语市场	成人视频	视频点播/内容聚合	视频浏览/在线播放	V2Fly
babesandstars.com	美国/英语市场	成人视频	视频点播/内容聚合	视频浏览/在线播放	V2Fly
babesaround.com	美国/英语市场	成人视频	视频点播/内容聚合	视频浏览/在线播放	V2Fly
babesbang.com	美国/英语市场	成人视频	视频点播/内容聚合	视频浏览/在线播放	V2Fly
babesinporn.com	美国/英语市场	成人视频	视频点播/内容聚合	视频浏览/在线播放	V2Fly
babesmachine.com	美国/英语市场	成人视频	视频点播/内容聚合	视频浏览/在线播放	V2Fly
babesnetwork.com	美国/英语市场	成人视频	视频点播/内容聚合	视频浏览/在线播放	V2Fly
babesofindia.com	美国/英语市场	成人视频	视频点播/内容聚合	视频浏览/在线播放	V2Fly
babesource.com	美国/英语市场	成人视频	视频点播/内容聚合	视频浏览/在线播放	V2Fly
babestube.com	美国/英语市场	成人视频	视频点播/内容聚合	视频浏览/在线播放	V2Fly
babylongirls.co.uk	美国/英语市场	成人视频	视频点播/内容聚合	视频浏览/在线播放	V2Fly
backdoorlesbians.com	美国/英语市场	成人视频	视频点播/内容聚合	视频浏览/在线播放	V2Fly
badasianpussy.com	美国/英语市场	成人视频	视频点播/内容聚合	视频浏览/在线播放	V2Fly
badsexygirl.com	美国/英语市场	成人视频	视频点播/内容聚合	视频浏览/在线播放	V2Fly
ballbustingtube.com	美国/英语市场	成人视频	视频点播/内容聚合	视频浏览/在线播放	V2Fly
bareporno.com	美国/英语市场	成人视频	视频点播/内容聚合	视频浏览/在线播放	V2Fly
barfuck.com	美国/英语市场	成人视频	视频点播/内容聚合	视频浏览/在线播放	V2Fly
bbcpornonly.com	美国/英语市场	成人视频	视频点播/内容聚合	视频浏览/在线播放	V2Fly
bbwmilftube.com	美国/英语市场	成人视频	视频点播/内容聚合	视频浏览/在线播放	V2Fly
bdsmpornonly.com	美国/英语市场	成人视频	视频点播/内容聚合	视频浏览/在线播放	V2Fly
bdsmsexgame.com	美国/英语市场	成人游戏	成人游戏/互动娱乐	游戏/互动	V2Fly
bdsmtubexxx.com	美国/英语市场	成人视频	视频点播/内容聚合	视频浏览/在线播放	V2Fly
beastysexlinks.com	美国/英语市场	成人视频	视频点播/内容聚合	视频浏览/在线播放	V2Fly
bedstegratisporno.com	美国/英语市场	成人视频	视频点播/内容聚合	视频浏览/在线播放	V2Fly
beeg.com	美国/英语市场	成人视频	视频点播/内容聚合	视频浏览/在线播放	V2Fly
beeg.rest	美国/英语市场	成人视频	视频点播/内容聚合	视频浏览/在线播放	V2Fly
beegfree.com	美国/英语市场	成人视频	视频点播/内容聚合	视频浏览/在线播放	V2Fly
befuck.com	美国/英语市场	成人视频	视频点播/内容聚合	视频浏览/在线播放	V2Fly
befuck.net	美国/英语市场	成人视频	视频点播/内容聚合	视频浏览/在线播放	V2Fly
bekijkporno.nl	美国/英语市场	成人视频	视频点播/内容聚合	视频浏览/在线播放	V2Fly
bellotube.com	美国/英语市场	成人视频	视频点播/内容聚合	视频浏览/在线播放	V2Fly
bengalisexvideos.com	美国/英语市场	成人视频	视频点播/内容聚合	视频浏览/在线播放	V2Fly
best-sex-games.com	美国/英语市场	成人游戏	成人游戏/互动娱乐	游戏/互动	V2Fly
bestcamsites.net	美国/英语市场	成人直播/互动	实时直播与互动	直播/互动	V2Fly
besterpornos.com	美国/英语市场	成人视频	视频点播/内容聚合	视频浏览/在线播放	V2Fly
bestescortgirls.nl	美国/英语市场	成人视频	视频点播/内容聚合	视频浏览/在线播放	V2Fly
bestfreecams.club	美国/英语市场	成人直播/互动	实时直播与互动	直播/互动	V2Fly
bestfreesexgames.com	美国/英语市场	成人游戏	成人游戏/互动娱乐	游戏/互动	V2Fly
bestfreetube.net	美国/英语市场	成人视频	视频点播/内容聚合	视频浏览/在线播放	V2Fly
bestfreetube.xxx	美国/英语市场	成人视频	视频点播/内容聚合	视频浏览/在线播放	V2Fly
besthandjobporn.com	美国/英语市场	成人视频	视频点播/内容聚合	视频浏览/在线播放	V2Fly
bestlistofporn.com	美国/英语市场	成人视频	视频点播/内容聚合	视频浏览/在线播放	V2Fly
bestporn.su	美国/英语市场	成人视频	视频点播/内容聚合	视频浏览/在线播放	V2Fly
bestpornclip.com	美国/英语市场	成人视频	视频点播/内容聚合	视频浏览/在线播放	V2Fly
bestporncomix.com	美国/英语市场	成人视频	视频点播/内容聚合	视频浏览/在线播放	V2Fly
bestporngames.com	美国/英语市场	成人游戏	成人游戏/互动娱乐	游戏/互动	V2Fly
bestpornsites.eu	美国/英语市场	成人视频	视频点播/内容聚合	视频浏览/在线播放	V2Fly
bestpornsites.guide	美国/英语市场	成人视频	视频点播/内容聚合	视频浏览/在线播放	V2Fly
bestporntube.me	美国/英语市场	成人视频	视频点播/内容聚合	视频浏览/在线播放	V2Fly
bestpremiumpornsite.com	美国/英语市场	成人视频	视频点播/内容聚合	视频浏览/在线播放	V2Fly
bestsexcam.com	美国/英语市场	成人直播/互动	实时直播与互动	直播/互动	V2Fly
besttitstube.com	美国/英语市场	成人视频	视频点播/内容聚合	视频浏览/在线播放	V2Fly
bestxxxsites.com	美国/英语市场	成人视频	视频点播/内容聚合	视频浏览/在线播放	V2Fly
betterhdporn.com	美国/英语市场	成人视频	视频点播/内容聚合	视频浏览/在线播放	V2Fly
bigassporn.tv	美国/英语市场	成人视频	视频点播/内容聚合	视频浏览/在线播放	V2Fly
bigboobsalert.com	美国/英语市场	成人视频	视频点播/内容聚合	视频浏览/在线播放	V2Fly
bigboobsandhotsex.com	美国/英语市场	成人视频	视频点播/内容聚合	视频浏览/在线播放	V2Fly
bigboobsonline.org	美国/英语市场	成人视频	视频点播/内容聚合	视频浏览/在线播放	V2Fly
bigboobswives.com	美国/英语市场	成人视频	视频点播/内容聚合	视频浏览/在线播放	V2Fly
bigindiansex.mobi	美国/英语市场	成人视频	视频点播/内容聚合	视频浏览/在线播放	V2Fly
bigporn.com	美国/英语市场	成人视频	视频点播/内容聚合	视频浏览/在线播放	V2Fly
bigsex.tv	美国/英语市场	成人视频	视频点播/内容聚合	视频浏览/在线播放	V2Fly
bigtitsextapes.com	美国/英语市场	成人视频	视频点播/内容聚合	视频浏览/在线播放	V2Fly
bigtitsgallery.net	美国/英语市场	成人图片/图库	图片/图库浏览	图片浏览	V2Fly
bigtitsmodelsdirectory.com	美国/英语市场	成人视频	视频点播/内容聚合	视频浏览/在线播放	V2Fly
bigtitsthreesomes.com	美国/英语市场	成人视频	视频点播/内容聚合	视频浏览/在线播放	V2Fly
bingoporno.com	美国/英语市场	成人视频	视频点播/内容聚合	视频浏览/在线播放	V2Fly
bioporno.com	美国/英语市场	成人视频	视频点播/内容聚合	视频浏览/在线播放	V2Fly
bitchesgirls.com	美国/英语市场	成人视频	视频点播/内容聚合	视频浏览/在线播放	V2Fly
bitchmomporn.com	美国/英语市场	成人视频	视频点播/内容聚合	视频浏览/在线播放	V2Fly
bitporno.com	美国/英语市场	成人视频	视频点播/内容聚合	视频浏览/在线播放	V2Fly
bizarresexuality.com	美国/英语市场	成人视频	视频点播/内容聚合	视频浏览/在线播放	V2Fly
blackamateurfuck.com	美国/英语市场	成人视频	视频点播/内容聚合	视频浏览/在线播放	V2Fly
blackamateursvideos.com	美国/英语市场	成人视频	视频点播/内容聚合	视频浏览/在线播放	V2Fly
blackhomeporn.com	美国/英语市场	成人视频	视频点播/内容聚合	视频浏览/在线播放	V2Fly
blog.descargasgay.com	美国/英语市场	成人视频	视频点播/内容聚合	视频浏览/在线播放	V2Fly
bluffyporn.com	美国/英语市场	成人视频	视频点播/内容聚合	视频浏览/在线播放	V2Fly
bobs-tube.com	美国/英语市场	成人视频	视频点播/内容聚合	视频浏览/在线播放	V2Fly
bodgirls.com	美国/英语市场	成人视频	视频点播/内容聚合	视频浏览/在线播放	V2Fly
bondagecomixxx.net	美国/英语市场	成人视频	视频点播/内容聚合	视频浏览/在线播放	V2Fly
bondagesex-xxx.com	美国/英语市场	成人视频	视频点播/内容聚合	视频浏览/在线播放	V2Fly
bongacams.com	美国/英语市场	成人直播/互动	实时直播与互动	直播/互动	V2Fly
boobsrealm.com	美国/英语市场	成人视频	视频点播/内容聚合	视频浏览/在线播放	V2Fly
bookmark.xxx	美国/英语市场	成人视频	视频点播/内容聚合	视频浏览/在线播放	V2Fly
boqitube.cc	美国/英语市场	成人视频	视频点播/内容聚合	视频浏览/在线播放	V2Fly
bountyhunterporn.com	美国/英语市场	成人视频	视频点播/内容聚合	视频浏览/在线播放	V2Fly
boy18tube.com	美国/英语市场	成人视频	视频点播/内容聚合	视频浏览/在线播放	V2Fly
boyspornpics.com	美国/英语市场	成人图片/图库	图片/图库浏览	图片浏览	V2Fly
boyztube.com	美国/英语市场	成人视频	视频点播/内容聚合	视频浏览/在线播放	V2Fly
brandporno.com	美国/英语市场	成人视频	视频点播/内容聚合	视频浏览/在线播放	V2Fly
bravoerotica.com	美国/英语市场	成人视频	视频点播/内容聚合	视频浏览/在线播放	V2Fly
bravoporn.com	美国/英语市场	成人视频	视频点播/内容聚合	视频浏览/在线播放	V2Fly
bravotube.net	美国/英语市场	成人视频	视频点播/内容聚合	视频浏览/在线播放	V2Fly
bravotube.tv	美国/英语市场	成人视频	视频点播/内容聚合	视频浏览/在线播放	V2Fly
brazzers-porno.online	美国/英语市场	成人视频	视频点播/内容聚合	视频浏览/在线播放	V2Fly
brazzers-xxx.net	美国/英语市场	成人视频	视频点播/内容聚合	视频浏览/在线播放	V2Fly
brazzersporn.mobi	美国/英语市场	成人视频	视频点播/内容聚合	视频浏览/在线播放	V2Fly
britsexcash.com	美国/英语市场	成人视频	视频点播/内容聚合	视频浏览/在线播放	V2Fly
brutalbdsmtube.com	美国/英语市场	成人视频	视频点播/内容聚合	视频浏览/在线播放	V2Fly
bubbaporn.com	美国/英语市场	成人视频	视频点播/内容聚合	视频浏览/在线播放	V2Fly
bululusexdoll.com	美国/英语市场	成人视频	视频点播/内容聚合	视频浏览/在线播放	V2Fly
burningcamel.com	美国/英语市场	成人直播/互动	实时直播与互动	直播/互动	V2Fly
bustynudebabes.com	美国/英语市场	成人图片/图库	图片/图库浏览	图片浏览	V2Fly
cam4.com	美国/英语市场	成人直播/互动	实时直播与互动	直播/互动	V2Fly
cam69.com	美国/英语市场	成人直播/互动	实时直播与互动	直播/互动	V2Fly
cambaddies.com	美国/英语市场	成人直播/互动	实时直播与互动	直播/互动	V2Fly
cambb.xxx	美国/英语市场	成人直播/互动	实时直播与互动	直播/互动	V2Fly
cambro.tv	美国/英语市场	成人直播/互动	实时直播与互动	直播/互动	V2Fly
camcam.cc	美国/英语市场	成人直播/互动	实时直播与互动	直播/互动	V2Fly
camdolls.com	美国/英语市场	成人直播/互动	实时直播与互动	直播/互动	V2Fly
cameraboys.com	美国/英语市场	成人直播/互动	实时直播与互动	直播/互动	V2Fly
camfinder.com	美国/英语市场	成人直播/互动	实时直播与互动	直播/互动	V2Fly
camfox.com	美国/英语市场	成人直播/互动	实时直播与互动	直播/互动	V2Fly
camgirlfinder.net	美国/英语市场	成人直播/互动	实时直播与互动	直播/互动	V2Fly
camgirlstemple.com	美国/英语市场	成人直播/互动	实时直播与互动	直播/互动	V2Fly
camgoddess.tv	美国/英语市场	成人直播/互动	实时直播与互动	直播/互动	V2Fly
camonster.com	美国/英语市场	成人直播/互动	实时直播与互动	直播/互动	V2Fly
camrabbit.com	美国/英语市场	成人直播/互动	实时直播与互动	直播/互动	V2Fly
cams.com	美国/英语市场	成人直播/互动	实时直播与互动	直播/互动	V2Fly
camsoda.com	美国/英语市场	成人直播/互动	实时直播与互动	直播/互动	V2Fly
camsoda1.com	美国/英语市场	成人直播/互动	实时直播与互动	直播/互动	V2Fly
camstagestudio.com	美国/英语市场	成人直播/互动	实时直播与互动	直播/互动	V2Fly
camster.com	美国/英语市场	成人直播/互动	实时直播与互动	直播/互动	V2Fly
camstreams.tv	美国/英语市场	成人直播/互动	实时直播与互动	直播/互动	V2Fly
camsvids.tv	美国/英语市场	成人直播/互动	实时直播与互动	直播/互动	V2Fly
camvideos.org	美国/英语市场	成人直播/互动	实时直播与互动	直播/互动	V2Fly
camvideos.tv	美国/英语市场	成人直播/互动	实时直播与互动	直播/互动	V2Fly
camvideoshub.com	美国/英语市场	成人直播/互动	实时直播与互动	直播/互动	V2Fly
camwhores-tv.com	美国/英语市场	成人直播/互动	实时直播与互动	直播/互动	V2Fly
camwhores.forum	美国/英语市场	成人直播/互动	实时直播与互动	直播/互动	V2Fly
camwhores.tv	美国/英语市场	成人直播/互动	实时直播与互动	直播/互动	V2Fly
camwhoresbay.com	美国/英语市场	成人直播/互动	实时直播与互动	直播/互动	V2Fly
camwhoreshd.com	美国/英语市场	成人直播/互动	实时直播与互动	直播/互动	V2Fly
camwhoria.com	美国/英语市场	成人直播/互动	实时直播与互动	直播/互动	V2Fly
cartoon-sex.tv	美国/英语市场	成人漫画/动画	漫画/动画内容浏览	阅读/图片/动画	V2Fly
cartoonporn.com	美国/英语市场	成人漫画/动画	漫画/动画内容浏览	阅读/图片/动画	V2Fly
cartoonporno.xxx	美国/英语市场	成人漫画/动画	漫画/动画内容浏览	阅读/图片/动画	V2Fly
cartoonpornonly.com	美国/英语市场	成人漫画/动画	漫画/动画内容浏览	阅读/图片/动画	V2Fly
cartoonpornvideos.com	美国/英语市场	成人漫画/动画	漫画/动画内容浏览	阅读/图片/动画	V2Fly
cartoonsexfantazy.com	美国/英语市场	成人漫画/动画	漫画/动画内容浏览	阅读/图片/动画	V2Fly
cartoontube.com	美国/英语市场	成人漫画/动画	漫画/动画内容浏览	阅读/图片/动画	V2Fly
cashvideotube.com	美国/英语市场	成人视频	视频点播/内容聚合	视频浏览/在线播放	V2Fly
celebritygay.com	美国/英语市场	成人视频	视频点播/内容聚合	视频浏览/在线播放	V2Fly
celebsporno.com	美国/英语市场	成人视频	视频点播/内容聚合	视频浏览/在线播放	V2Fly
ceskeporno.cz	美国/英语市场	成人视频	视频点播/内容聚合	视频浏览/在线播放	V2Fly
chatsex.xxx	美国/英语市场	成人直播/互动	实时直播与互动	直播/互动	V2Fly
cherrynudes.com	美国/英语市场	成人图片/图库	图片/图库浏览	图片浏览	V2Fly
cherrypornhd.com	美国/英语市场	成人视频	视频点播/内容聚合	视频浏览/在线播放	V2Fly
chikiporn.com	美国/英语市场	成人视频	视频点播/内容聚合	视频浏览/在线播放	V2Fly
chocam.com	美国/英语市场	成人直播/互动	实时直播与互动	直播/互动	V2Fly
chubbypornonly.com	美国/英语市场	成人视频	视频点播/内容聚合	视频浏览/在线播放	V2Fly
chuporno.com	美国/英语市场	成人视频	视频点播/内容聚合	视频浏览/在线播放	V2Fly
cinepornogratis.com	美国/英语市场	成人视频	视频点播/内容聚合	视频浏览/在线播放	V2Fly
citytourgirls.com	美国/英语市场	成人视频	视频点播/内容聚合	视频浏览/在线播放	V2Fly
clasporno.org	美国/英语市场	成人视频	视频点播/内容聚合	视频浏览/在线播放	V2Fly
classymomsex.com	美国/英语市场	成人视频	视频点播/内容聚合	视频浏览/在线播放	V2Fly
0310love.com	越南市场	成人视频	视频点播/内容聚合	视频浏览/在线播放	hostsVN
1001truyen.blogspot.com	越南市场	成人视频	视频点播/内容聚合	视频浏览/在线播放	hostsVN
102model.com	越南市场	成人视频	视频点播/内容聚合	视频浏览/在线播放	hostsVN
12hdem.com	越南市场	成人视频	视频点播/内容聚合	视频浏览/在线播放	hostsVN
210vn.net	越南市场	成人视频	视频点播/内容聚合	视频浏览/在线播放	hostsVN
247live.mobi	越南市场	成人直播/互动	实时直播与互动	直播/互动	hostsVN
2jav.net	越南市场	成人视频	视频点播/内容聚合	视频浏览/在线播放	hostsVN
2ola.pro	越南市场	成人视频	视频点播/内容聚合	视频浏览/在线播放	hostsVN
3xvn.pro	越南市场	成人视频	视频点播/内容聚合	视频浏览/在线播放	hostsVN
444live.link	越南市场	成人直播/互动	实时直播与互动	直播/互动	hostsVN
567live.online	越南市场	成人直播/互动	实时直播与互动	直播/互动	hostsVN
567live.win	越南市场	成人直播/互动	实时直播与互动	直播/互动	hostsVN
567lives.top	越南市场	成人直播/互动	实时直播与互动	直播/互动	hostsVN
6666.net	越南市场	成人视频	视频点播/内容聚合	视频浏览/在线播放	hostsVN
6789live.com	越南市场	成人直播/互动	实时直播与互动	直播/互动	hostsVN
7sex.org	越南市场	成人视频	视频点播/内容聚合	视频浏览/在线播放	hostsVN
820mm.live	越南市场	成人直播/互动	实时直播与互动	直播/互动	hostsVN
825mm.live	越南市场	成人直播/互动	实时直播与互动	直播/互动	hostsVN
836mm.live	越南市场	成人直播/互动	实时直播与互动	直播/互动	hostsVN
999live.app	越南市场	成人直播/互动	实时直播与互动	直播/互动	hostsVN
9xlove.xyz	越南市场	成人视频	视频点播/内容聚合	视频浏览/在线播放	hostsVN
alkux.com	越南市场	成人视频	视频点播/内容聚合	视频浏览/在线播放	hostsVN
alogaigoi.com	越南市场	成人视频	视频点播/内容聚合	视频浏览/在线播放	hostsVN
alogaigoidem.com	越南市场	成人视频	视频点播/内容聚合	视频浏览/在线播放	hostsVN
alohang.xyz	越南市场	成人视频	视频点播/内容聚合	视频浏览/在线播放	hostsVN
aloyeu.com	越南市场	成人视频	视频点播/内容聚合	视频浏览/在线播放	hostsVN
amurz.com	越南市场	成人视频	视频点播/内容聚合	视频浏览/在线播放	hostsVN
anhgaixinh.us	越南市场	成人视频	视频点播/内容聚合	视频浏览/在线播放	hostsVN
anhjavdep.blogspot.com	越南市场	成人视频	视频点播/内容聚合	视频浏览/在线播放	hostsVN
anhlondep.xyz	越南市场	成人视频	视频点播/内容聚合	视频浏览/在线播放	hostsVN
anhmodel.com	越南市场	成人视频	视频点播/内容聚合	视频浏览/在线播放	hostsVN
anhsex18.com	越南市场	成人视频	视频点播/内容聚合	视频浏览/在线播放	hostsVN
anhsexjav.xyz	越南市场	成人视频	视频点播/内容聚合	视频浏览/在线播放	hostsVN
anhvl.net	越南市场	成人视频	视频点播/内容聚合	视频浏览/在线播放	hostsVN
anhx.net	越南市场	成人视频	视频点播/内容聚合	视频浏览/在线播放	hostsVN
antonstepanok.com	越南市场	成人视频	视频点播/内容聚合	视频浏览/在线播放	hostsVN
app567lives.com	越南市场	成人直播/互动	实时直播与互动	直播/互动	hostsVN
appgaixinh.com	越南市场	成人视频	视频点播/内容聚合	视频浏览/在线播放	hostsVN
apphotlive.biz	越南市场	成人直播/互动	实时直播与互动	直播/互动	hostsVN
applive.vn	越南市场	成人直播/互动	实时直播与互动	直播/互动	hostsVN
applives.top	越南市场	成人直播/互动	实时直播与互动	直播/互动	hostsVN
appliveshow.com	越南市场	成人直播/互动	实时直播与互动	直播/互动	hostsVN
appmmlive.com	越南市场	成人直播/互动	实时直播与互动	直播/互动	hostsVN
argylesecurity.com	越南市场	成人视频	视频点播/内容聚合	视频浏览/在线播放	hostsVN
avhd.cc	越南市场	成人视频	视频点播/内容聚合	视频浏览/在线播放	hostsVN
avhd.mobi	越南市场	成人视频	视频点播/内容聚合	视频浏览/在线播放	hostsVN
b2branked.com	越南市场	成人视频	视频点播/内容聚合	视频浏览/在线播放	hostsVN
badtopsex.com	越南市场	成人视频	视频点播/内容聚合	视频浏览/在线播放	hostsVN
banhbeo.net	越南市场	成人视频	视频点播/内容聚合	视频浏览/在线播放	hostsVN
bblive.org	越南市场	成人直播/互动	实时直播与互动	直播/互动	hostsVN
bblive17.vip	越南市场	成人直播/互动	实时直播与互动	直播/互动	hostsVN
bblive6.vip	越南市场	成人直播/互动	实时直播与互动	直播/互动	hostsVN
bimdep.net	越南市场	成人视频	视频点播/内容聚合	视频浏览/在线播放	hostsVN
bimdep.vip	越南市场	成人视频	视频点播/内容聚合	视频浏览/在线播放	hostsVN
bimhong.net	越南市场	成人视频	视频点播/内容聚合	视频浏览/在线播放	hostsVN
bimmup.net	越南市场	成人视频	视频点播/内容聚合	视频浏览/在线播放	hostsVN
bimmup.tv	越南市场	成人视频	视频点播/内容聚合	视频浏览/在线播放	hostsVN
bimxinh.com	越南市场	成人视频	视频点播/内容聚合	视频浏览/在线播放	hostsVN
biphim18.com	越南市场	成人视频	视频点播/内容聚合	视频浏览/在线播放	hostsVN
blog.applive.vn	越南市场	成人直播/互动	实时直播与互动	直播/互动	hostsVN
blogtruyensex.com	越南市场	成人视频	视频点播/内容聚合	视频浏览/在线播放	hostsVN
boybamien.com	越南市场	成人视频	视频点播/内容聚合	视频浏览/在线播放	hostsVN
boymoviedome.com	越南市场	成人视频	视频点播/内容聚合	视频浏览/在线播放	hostsVN
boyngon.com	越南市场	成人视频	视频点播/内容聚合	视频浏览/在线播放	hostsVN
bulon.net	越南市场	成人视频	视频点播/内容聚合	视频浏览/在线播放	hostsVN
buoito.vip	越南市场	成人视频	视频点播/内容聚合	视频浏览/在线播放	hostsVN
buom.tv	越南市场	成人视频	视频点播/内容聚合	视频浏览/在线播放	hostsVN
buomdep.pro	越南市场	成人视频	视频点播/内容聚合	视频浏览/在线播放	hostsVN
buomhay.com	越南市场	成人视频	视频点播/内容聚合	视频浏览/在线播放	hostsVN
buomngon.com	越南市场	成人视频	视频点播/内容聚合	视频浏览/在线播放	hostsVN
buomsex.com	越南市场	成人视频	视频点播/内容聚合	视频浏览/在线播放	hostsVN
buomtube.tv	越南市场	成人视频	视频点播/内容聚合	视频浏览/在线播放	hostsVN
buomtv.blog	越南市场	成人视频	视频点播/内容聚合	视频浏览/在线播放	hostsVN
buomtv.club	越南市场	成人视频	视频点播/内容聚合	视频浏览/在线播放	hostsVN
buomtv.io	越南市场	成人视频	视频点播/内容聚合	视频浏览/在线播放	hostsVN
buomtv.live	越南市场	成人直播/互动	实时直播与互动	直播/互动	hostsVN
buomtv.me	越南市场	成人视频	视频点播/内容聚合	视频浏览/在线播放	hostsVN
buomtv.tv	越南市场	成人视频	视频点播/内容聚合	视频浏览/在线播放	hostsVN
buomxinh.org	越南市场	成人视频	视频点播/内容聚合	视频浏览/在线播放	hostsVN
callboyvn.net	越南市场	成人视频	视频点播/内容聚合	视频浏览/在线播放	hostsVN
cangcuc.com	越南市场	成人视频	视频点播/内容聚合	视频浏览/在线播放	hostsVN
cap3.autos	越南市场	成人视频	视频点播/内容聚合	视频浏览/在线播放	hostsVN
cap3.beer	越南市场	成人视频	视频点播/内容聚合	视频浏览/在线播放	hostsVN
cap3.click	越南市场	成人视频	视频点播/内容聚合	视频浏览/在线播放	hostsVN
cap3.email	越南市场	成人视频	视频点播/内容聚合	视频浏览/在线播放	hostsVN
cap3.monster	越南市场	成人视频	视频点播/内容聚合	视频浏览/在线播放	hostsVN
cap3.pics	越南市场	成人图片/图库	图片/图库浏览	图片浏览	hostsVN
cap3.pro	越南市场	成人视频	视频点播/内容聚合	视频浏览/在线播放	hostsVN
cap3.quest	越南市场	成人视频	视频点播/内容聚合	视频浏览/在线播放	hostsVN
cap3.rest	越南市场	成人视频	视频点播/内容聚合	视频浏览/在线播放	hostsVN
cap3.sex	越南市场	成人视频	视频点播/内容聚合	视频浏览/在线播放	hostsVN
cap3.shop	越南市场	成人视频	视频点播/内容聚合	视频浏览/在线播放	hostsVN
catewalk.com	越南市场	成人视频	视频点播/内容聚合	视频浏览/在线播放	hostsVN
cd-taxi.com	越南市场	成人视频	视频点播/内容聚合	视频浏览/在线播放	hostsVN
cdn.javhd.vc	越南市场	成人视频	视频点播/内容聚合	视频浏览/在线播放	hostsVN
cdn.manhwa24hs.com	越南市场	成人视频	视频点播/内容聚合	视频浏览/在线播放	hostsVN
cdn.subjav.sex	越南市场	成人视频	视频点播/内容聚合	视频浏览/在线播放	hostsVN
cdn2.seaporn.net	越南市场	成人视频	视频点播/内容聚合	视频浏览/在线播放	hostsVN
chanrau.cc	越南市场	成人视频	视频点播/内容聚合	视频浏览/在线播放	hostsVN
checkerfc.xyz	越南市场	成人视频	视频点播/内容聚合	视频浏览/在线播放	hostsVN
10musume.com	日本/日韩市场	成人视频	视频点播/内容聚合	视频浏览/在线播放	V2Fly
1pondo.tv	日本/日韩市场	成人视频	视频点播/内容聚合	视频浏览/在线播放	V2Fly
6japaneseporn.com	日本/日韩市场	成人视频	视频点播/内容聚合	视频浏览/在线播放	V2Fly
adult.contents.fc2.com	日本/日韩市场	成人视频	视频点播/内容聚合	视频浏览/在线播放	V2Fly
adult789.futoka.jp	日本/日韩市场	成人视频	视频点播/内容聚合	视频浏览/在线播放	V2Fly
adultclinic.jp	日本/日韩市场	成人视频	视频点播/内容聚合	视频浏览/在线播放	V2Fly
alljapanesepass.com	日本/日韩市场	成人视频	视频点播/内容聚合	视频浏览/在线播放	V2Fly
angelweb.jp	日本/日韩市场	成人视频	视频点播/内容聚合	视频浏览/在线播放	V2Fly
arzon.jp	日本/日韩市场	成人视频	视频点播/内容聚合	视频浏览/在线播放	V2Fly
bestjapanesepornsites.com	日本/日韩市场	成人视频	视频点播/内容聚合	视频浏览/在线播放	V2Fly
bisyoujyogyaruge.topaz.ne.jp	日本/日韩市场	成人视频	视频点播/内容聚合	视频浏览/在线播放	V2Fly
caribbeancom.com	日本/日韩市场	成人视频	视频点播/内容聚合	视频浏览/在线播放	V2Fly
caribbeancompr.com	日本/日韩市场	成人视频	视频点播/内容聚合	视频浏览/在线播放	V2Fly
centervillage.co.jp	日本/日韩市场	成人视频	视频点播/内容聚合	视频浏览/在线播放	V2Fly
cosplayeromania.jp	日本/日韩市场	成人视频	视频点播/内容聚合	视频浏览/在线播放	V2Fly
duga.jp	日本/日韩市场	成人视频	视频点播/内容聚合	视频浏览/在线播放	V2Fly
erotera.blogo.jp	日本/日韩市场	成人视频	视频点播/内容聚合	视频浏览/在线播放	V2Fly
extrajapaneseporn.com	日本/日韩市场	成人视频	视频点播/内容聚合	视频浏览/在线播放	V2Fly
favjapaneseporn.com	日本/日韩市场	成人视频	视频点播/内容聚合	视频浏览/在线播放	V2Fly
fc2ppv.tv	日本/日韩市场	成人视频	视频点播/内容聚合	视频浏览/在线播放	V2Fly
fm4.jp	日本/日韩市场	成人视频	视频点播/内容聚合	视频浏览/在线播放	V2Fly
free-avx.jp	日本/日韩市场	成人视频	视频点播/内容聚合	视频浏览/在线播放	V2Fly
fujossy.jp	日本/日韩市场	成人视频	视频点播/内容聚合	视频浏览/在线播放	V2Fly
hbox.jp	日本/日韩市场	成人视频	视频点播/内容聚合	视频浏览/在线播放	V2Fly
hnext.jp	日本/日韩市场	成人视频	视频点播/内容聚合	视频浏览/在线播放	V2Fly
honnaka.jp	日本/日韩市场	成人视频	视频点播/内容聚合	视频浏览/在线播放	V2Fly
hrecords.jp	日本/日韩市场	成人视频	视频点播/内容聚合	视频浏览/在线播放	V2Fly
immoral.jp	日本/日韩市场	成人视频	视频点播/内容聚合	视频浏览/在线播放	V2Fly
indies-av.co.jp	日本/日韩市场	成人视频	视频点播/内容聚合	视频浏览/在线播放	V2Fly
japan-whores.com	日本/日韩市场	成人视频	视频点播/内容聚合	视频浏览/在线播放	V2Fly
japan18tube.com	日本/日韩市场	成人视频	视频点播/内容聚合	视频浏览/在线播放	V2Fly
japanbeast.com	日本/日韩市场	成人视频	视频点播/内容聚合	视频浏览/在线播放	V2Fly
japanese-scat.net	日本/日韩市场	成人视频	视频点播/内容聚合	视频浏览/在线播放	V2Fly
japaneseasmr.com	日本/日韩市场	成人视频	视频点播/内容聚合	视频浏览/在线播放	V2Fly
japanesebeauties.net	日本/日韩市场	成人视频	视频点播/内容聚合	视频浏览/在线播放	V2Fly
japanesebeauties.one	日本/日韩市场	成人视频	视频点播/内容聚合	视频浏览/在线播放	V2Fly
japanesegirlspictures.com	日本/日韩市场	成人图片/图库	图片/图库浏览	图片浏览	V2Fly
japaneselovelygirl.com	日本/日韩市场	成人视频	视频点播/内容聚合	视频浏览/在线播放	V2Fly
japanfist.org	日本/日韩市场	成人视频	视频点播/内容聚合	视频浏览/在线播放	V2Fly
japanporn.tv	日本/日韩市场	成人视频	视频点播/内容聚合	视频浏览/在线播放	V2Fly
japanxxxfilms.com	日本/日韩市场	成人视频	视频点播/内容聚合	视频浏览/在线播放	V2Fly
kawaiikawaii.jp	日本/日韩市场	成人视频	视频点播/内容聚合	视频浏览/在线播放	V2Fly
legsjapan.com	日本/日韩市场	成人视频	视频点播/内容聚合	视频浏览/在线播放	V2Fly
melonbooks.co.jp	日本/日韩市场	成人视频	视频点播/内容聚合	视频浏览/在线播放	V2Fly
mensheaven.jp	日本/日韩市场	成人视频	视频点播/内容聚合	视频浏览/在线播放	V2Fly
narumiya.xii.jp	日本/日韩市场	成人视频	视频点播/内容聚合	视频浏览/在线播放	V2Fly
nekora.main.jp	日本/日韩市场	成人视频	视频点播/内容聚合	视频浏览/在线播放	V2Fly
neotokyo.supertop-100.com	日本/日韩市场	成人视频	视频点播/内容聚合	视频浏览/在线播放	V2Fly
okazudouga.blog.jp	日本/日韩市场	成人视频	视频点播/内容聚合	视频浏览/在线播放	V2Fly
okazudouga.tokyo	日本/日韩市场	成人视频	视频点播/内容聚合	视频浏览/在线播放	V2Fly
02weqj32.com	其他/全球市场	成人视频	视频点播/内容聚合	视频浏览/在线播放	V2Fly
04647.club	其他/全球市场	成人视频	视频点播/内容聚合	视频浏览/在线播放	V2Fly
0cgdklr5sfwj.com	其他/全球市场	成人视频	视频点播/内容聚合	视频浏览/在线播放	V2Fly
0plkijj.vip	其他/全球市场	成人视频	视频点播/内容聚合	视频浏览/在线播放	V2Fly
101boyvideos.com	其他/全球市场	成人视频	视频点播/内容聚合	视频浏览/在线播放	V2Fly
10bet.com	其他/全球市场	成人视频	视频点播/内容聚合	视频浏览/在线播放	V2Fly
10c10qoo.one	其他/全球市场	成人视频	视频点播/内容聚合	视频浏览/在线播放	V2Fly
1111mode.xyz	其他/全球市场	成人视频	视频点播/内容聚合	视频浏览/在线播放	V2Fly
1111modpo.info	其他/全球市场	成人视频	视频点播/内容聚合	视频浏览/在线播放	V2Fly
114av.xyz	其他/全球市场	成人视频	视频点播/内容聚合	视频浏览/在线播放	V2Fly
119474.xyz	其他/全球市场	成人视频	视频点播/内容聚合	视频浏览/在线播放	V2Fly
123bin.cc	其他/全球市场	成人视频	视频点播/内容聚合	视频浏览/在线播放	V2Fly
123videos.tv	其他/全球市场	成人视频	视频点播/内容聚合	视频浏览/在线播放	V2Fly
126728.net	其他/全球市场	成人视频	视频点播/内容聚合	视频浏览/在线播放	V2Fly
128100.xyz	其他/全球市场	成人视频	视频点播/内容聚合	视频浏览/在线播放	V2Fly
13mei13.top	其他/全球市场	成人视频	视频点播/内容聚合	视频浏览/在线播放	V2Fly
140033.xyz	其他/全球市场	成人视频	视频点播/内容聚合	视频浏览/在线播放	V2Fly
141-hk.com	其他/全球市场	成人视频	视频点播/内容聚合	视频浏览/在线播放	V2Fly
141jj.com	其他/全球市场	成人视频	视频点播/内容聚合	视频浏览/在线播放	V2Fly
159i.com	其他/全球市场	成人视频	视频点播/内容聚合	视频浏览/在线播放	V2Fly
16885858.com	其他/全球市场	成人视频	视频点播/内容聚合	视频浏览/在线播放	V2Fly
16fhgdty.xyz	其他/全球市场	成人视频	视频点播/内容聚合	视频浏览/在线播放	V2Fly
16honeys.com	其他/全球市场	成人视频	视频点播/内容聚合	视频浏览/在线播放	V2Fly
170.icu	其他/全球市场	成人视频	视频点播/内容聚合	视频浏览/在线播放	V2Fly
1717se.cc	其他/全球市场	成人视频	视频点播/内容聚合	视频浏览/在线播放	V2Fly
171xx.com	其他/全球市场	成人视频	视频点播/内容聚合	视频浏览/在线播放	V2Fly
177picyy.com	其他/全球市场	成人图片/图库	图片/图库浏览	图片浏览	V2Fly
179na.com	其他/全球市场	成人视频	视频点播/内容聚合	视频浏览/在线播放	V2Fly
17lu.xyz	其他/全球市场	成人视频	视频点播/内容聚合	视频浏览/在线播放	V2Fly
17mimei.club	其他/全球市场	成人视频	视频点播/内容聚合	视频浏览/在线播放	V2Fly
17mimei.com	其他/全球市场	成人视频	视频点播/内容聚合	视频浏览/在线播放	V2Fly
188channel.com	其他/全球市场	成人视频	视频点播/内容聚合	视频浏览/在线播放	V2Fly
18commic.com	其他/全球市场	成人视频	视频点播/内容聚合	视频浏览/在线播放	V2Fly
18exgfs.com	其他/全球市场	成人视频	视频点播/内容聚合	视频浏览/在线播放	V2Fly
18fby.com	其他/全球市场	成人视频	视频点播/内容聚合	视频浏览/在线播放	V2Fly
18hmanga.click	其他/全球市场	成人漫画/动画	漫画/动画内容浏览	阅读/图片/动画	V2Fly
18hmanga.com	其他/全球市场	成人漫画/动画	漫画/动画内容浏览	阅读/图片/动画	V2Fly
18insta.com	其他/全球市场	成人视频	视频点播/内容聚合	视频浏览/在线播放	V2Fly
18push.com	其他/全球市场	成人视频	视频点播/内容聚合	视频浏览/在线播放	V2Fly
18qt.com	其他/全球市场	成人视频	视频点播/内容聚合	视频浏览/在线播放	V2Fly
18ww.life	其他/全球市场	成人视频	视频点播/内容聚合	视频浏览/在线播放	V2Fly
18yiren.tv	其他/全球市场	成人视频	视频点播/内容聚合	视频浏览/在线播放	V2Fly
1992qq.xyz	其他/全球市场	成人视频	视频点播/内容聚合	视频浏览/在线播放	V2Fly
1bigclub.com	其他/全球市场	成人视频	视频点播/内容聚合	视频浏览/在线播放	V2Fly
1bokeponline.top	其他/全球市场	成人视频	视频点播/内容聚合	视频浏览/在线播放	V2Fly
1jjdg2.vip	其他/全球市场	成人视频	视频点播/内容聚合	视频浏览/在线播放	V2Fly
1watchmygf.com	其他/全球市场	成人视频	视频点播/内容聚合	视频浏览/在线播放	V2Fly
1xbet.cm	其他/全球市场	成人视频	视频点播/内容聚合	视频浏览/在线播放	V2Fly
1xbet.co.ke	其他/全球市场	成人视频	视频点播/内容聚合	视频浏览/在线播放	V2Fly
2019baidu.xyz	其他/全球市场	成人视频	视频点播/内容聚合	视频浏览/在线播放	V2Fly